round,cwnd,wmax,wmin
1.0,10.5,30.0,5.0
2.0,10.976190476190476,30.0,5.0
3.0,11.431721929552733,30.0,5.0
4.0,11.869101357674952,30.0,5.0
5.0,12.29036324173215,30.0,5.0
6.0,12.69718604278838,30.0,5.0
7.0,13.09097408237057,30.0,5.0
8.0,13.47291663061329,30.0,5.0
9.0,13.84403152259139,30.0,5.0
10.0,14.20519799291044,30.0,5.0
11.0,12.737534095326723,13.647357959278631,5.0
12.0,12.816042226689989,13.647357959278631,5.0
13.0,12.89406943527061,13.647357959278631,5.0
14.0,12.971624469778536,13.647357959278631,5.0
15.0,13.048715816535438,13.647357959278631,5.0
16.0,13.125351710370508,13.647357959278631,5.0
17.0,13.20154014494098,13.647357959278631,5.0
18.0,13.277288882514089,13.647357959278631,5.0
19.0,13.352605463244435,13.647357959278631,5.0
20.0,13.42749721397823,13.647357959278631,5.0
21.0,13.50197125661359,13.647357959278631,5.0
22.0,13.576034516043963,13.647357959278631,5.0
23.0,13.649693727709801,13.647357959278631,5.0
24.0,13.72295544478188,13.647357959278631,5.0
25.0,13.795826044997975,13.647357959278631,5.0
26.0,13.868311737173151,13.647357959278631,5.0
27.0,13.940418567402498,13.647357959278631,5.0
28.0,14.012152424973916,13.647357959278631,5.0
29.0,14.083519048007341,13.647357959278631,5.0
30.0,14.154524028835729,13.647357959278631,5.0
31.0,14.22517281914212,13.647357959278631,5.0
32.0,14.295470734866162,13.647357959278631,5.0
33.0,14.365422960892623,13.647357959278631,5.0
34.0,14.43503455553361,13.647357959278631,5.0
35.0,14.504310454815517,13.647357959278631,5.0
36.0,14.573255476580961,13.647357959278631,5.0
37.0,14.641874324415406,13.647357959278631,5.0
38.0,14.71017159140755,13.647357959278631,5.0
39.0,14.782421845289681,13.647357959278631,5.0
40.0,14.859206549304384,13.647357959278631,5.0
41.0,14.940761953087534,13.647357959278631,5.0
42.0,15.02733076382624,13.647357959278631,5.0
43.0,15.119161630281212,13.647357959278631,5.0
44.0,15.216508540579122,13.647357959278631,5.0
45.0,15.319630132310623,13.647357959278631,5.0
46.0,15.42878891477398,13.647357959278631,5.0
47.0,15.544250404676763,13.647357959278631,5.0
48.0,15.666282178227414,13.647357959278631,5.0
49.0,15.795152844284651,13.647357959278631,5.0
50.0,15.931130945046315,13.647357959278631,5.0
51.0,16.074483792602802,13.647357959278631,5.0
52.0,16.225476251498502,13.647357959278631,5.0
53.0,16.384369479176904,13.647357959278631,5.0
54.0,16.551419637767186,13.647357959278631,5.0
55.0,16.72687659203726,13.647357959278631,5.0
56.0,16.910982609428732,13.647357959278631,5.0
57.0,17.103971078846854,13.647357959278631,5.0
58.0,17.306065265257352,13.647357959278631,5.0
59.0,17.517477117108143,13.647357959278631,5.0
60.0,17.738406143129236,13.647357959278631,5.0
61.0,17.96903837416738,13.647357959278631,5.0
62.0,18.209545424400055,13.647357959278631,5.0
63.0,18.46008366458085,13.647357959278631,5.0
64.0,18.720793517946053,13.647357959278631,5.0
65.0,16.614391687014326,18.987876213730658,5.0
66.0,16.6858202584429,18.987876213730658,5.0
67.0,16.75480266145431,18.987876213730658,5.0
68.0,16.821442466094137,18.987876213730658,5.0
69.0,16.88583747121939,18.987876213730658,5.0
70.0,16.948080127116498,18.987876213730658,5.0
71.0,17.008257919270978,18.987876213730658,5.0
72.0,17.06705288844104,18.987876213730658,5.0
73.0,17.125645312483815,18.987876213730658,5.0
74.0,17.184037272713837,18.987876213730658,5.0
75.0,17.242230815018814,18.987876213730658,5.0
76.0,17.300227950698552,18.987876213730658,5.0
77.0,17.358030657278476,18.987876213730658,5.0
78.0,17.41564087929872,18.987876213730658,5.0
79.0,17.473060529079664,18.987876213730658,5.0
80.0,17.53029148746476,18.987876213730658,5.0
81.0,17.58733560454148,18.987876213730658,5.0
82.0,17.644194700341174,18.987876213730658,5.0
83.0,17.700870565518557,18.987876213730658,5.0
84.0,17.757364962011575,18.987876213730658,5.0
85.0,17.81367962368234,18.987876213730658,5.0
86.0,17.86981625693977,18.987876213730658,5.0
87.0,17.92577654134458,18.987876213730658,5.0
88.0,17.981562130197233,18.987876213730658,5.0
89.0,18.037174651109453,18.987876213730658,5.0
90.0,18.092615706559812,18.987876213730658,5.0
91.0,18.147886874433976,18.987876213730658,5.0
92.0,18.202989708550092,18.987876213730658,5.0
93.0,18.25792573916985,18.987876213730658,5.0
94.0,18.312696473495635,18.987876213730658,5.0
95.0,18.367303396154313,18.987876213730658,5.0
96.0,18.421747969667994,18.987876213730658,5.0
97.0,18.476031634912275,18.987876213730658,5.0
98.0,18.53015581156233,18.987876213730658,5.0
99.0,18.584121898527236,18.987876213730658,5.0
100.0,18.637931274372928,18.987876213730658,5.0
101.0,18.691585297734147,18.987876213730658,5.0
102.0,18.74508530771571,18.987876213730658,5.0
103.0,18.79843262428345,18.987876213730658,5.0
104.0,18.851628548645156,18.987876213730658,5.0
105.0,18.904674363621808,18.987876213730658,5.0
106.0,18.957571334009423,18.987876213730658,5.0
107.0,19.010320706931786,18.987876213730658,5.0
108.0,19.062923712184368,18.987876213730658,5.0
109.0,19.11538156256966,18.987876213730658,5.0
110.0,19.167695454224226,18.987876213730658,5.0
111.0,19.219866566937707,18.987876213730658,5.0
112.0,19.27189606446399,18.987876213730658,5.0
113.0,19.323785094824835,18.987876213730658,5.0
114.0,19.375534790606114,18.987876213730658,5.0
115.0,19.427146269246943,18.987876213730658,5.0
116.0,19.478620633321867,18.987876213730658,5.0
117.0,19.529958970816324,18.987876213730658,5.0
118.0,19.58116235539559,18.987876213730658,5.0
119.0,19.632231846667363,18.987876213730658,5.0
120.0,19.68316849043819,18.987876213730658,5.0
121.0,19.733973318963933,18.987876213730658,5.0
122.0,19.784647351194383,18.987876213730658,5.0
123.0,19.83519159301225,18.987876213730658,5.0
124.0,19.885607037466656,18.987876213730658,5.0
125.0,19.93589466500128,18.987876213730658,5.0
126.0,19.98605544367732,18.987876213730658,5.0
127.0,20.036090329391417,18.987876213730658,5.0
128.0,20.088406629549194,18.987876213730658,5.0
129.0,20.1431909853278,18.987876213730658,5.0
130.0,20.20054608722991,18.987876213730658,5.0
131.0,20.260577626390422,18.987876213730658,5.0
132.0,20.32339426647486,18.987876213730658,5.0
133.0,20.389107603294157,18.987876213730658,5.0
134.0,20.457832111341634,18.987876213730658,5.0
135.0,20.52968507648529,18.987876213730658,5.0
136.0,20.60478651408701,18.987876213730658,5.0
137.0,20.68325907187114,18.987876213730658,5.0
138.0,20.76522791692836,18.987876213730658,5.0
139.0,20.85082060631795,18.987876213730658,5.0
140.0,20.94016694082254,18.987876213730658,5.0
141.0,21.033398801514437,18.987876213730658,5.0
142.0,21.130649968911904,18.987876213730658,5.0
143.0,21.232055924636587,18.987876213730658,5.0
144.0,21.337753635629422,18.987876213730658,5.0
145.0,21.44788132114056,18.987876213730658,5.0
146.0,21.56257820287802,18.987876213730658,5.0
147.0,18.971736209018335,21.681984238878098,5.0
148.0,19.043164780446908,21.681984238878098,5.0
149.0,19.112449993510356,21.681984238878098,5.0
150.0,19.179671470773613,21.681984238878098,5.0
151.0,19.244904933503086,21.681984238878098,5.0
152.0,19.30822245348554,21.681984238878098,5.0
153.0,19.36969268439652,21.681984238878098,5.0
154.0,19.429381074712186,21.681984238878098,5.0
155.0,19.487350063932787,21.681984238878098,5.0
156.0,19.543659263689175,21.681984238878098,5.0
157.0,19.598365625131983,21.681984238878098,5.0
158.0,19.65152359385245,21.681984238878098,5.0
159.0,19.70318525345173,21.681984238878098,5.0
160.0,19.75393846858606,21.681984238878098,5.0
161.0,19.804561284972284,21.681984238878098,5.0
162.0,19.855054703413156,21.681984238878098,5.0
163.0,19.90541971196829,21.681984238878098,5.0
164.0,19.955657286180237,21.681984238878098,5.0
165.0,20.00576838929547,21.681984238878098,5.0
166.0,20.05575397248032,21.681984238878098,5.0
167.0,20.105614975032115,21.681984238878098,5.0
168.0,20.155352324585554,21.681984238878098,5.0
169.0,20.20496693731451,21.681984238878098,5.0
170.0,20.254459718129368,21.681984238878098,5.0
171.0,20.30383156087,21.681984238878098,5.0
172.0,20.353083348494522,21.681984238878098,5.0
173.0,20.40221595326391,21.681984238878098,5.0
174.0,20.45123023692264,21.681984238878098,5.0
175.0,20.500127050875406,21.681984238878098,5.0
176.0,20.548907236360026,21.681984238878098,5.0
177.0,20.59757162461667,21.681984238878098,5.0
178.0,20.64612103705347,21.681984238878098,5.0
179.0,20.69455628540861,21.681984238878098,5.0
180.0,20.742878171909027,21.681984238878098,5.0
181.0,20.79108748942574,21.681984238878098,5.0
182.0,20.839185021625948,21.681984238878098,5.0
183.0,20.887171543121976,21.681984238878098,5.0
184.0,20.935047819617118,21.681984238878098,5.0
185.0,20.982814608048475,21.681984238878098,5.0
186.0,21.030472656726864,21.681984238878098,5.0
187.0,21.078022705473874,21.681984238878098,5.0
188.0,21.12546548575612,21.681984238878098,5.0
189.0,21.1728017208168,21.681984238878098,5.0
190.0,21.220032125804572,21.681984238878098,5.0
191.0,21.267157407899877,21.681984238878098,5.0
192.0,21.314178266438713,21.681984238878098,5.0
193.0,21.361095393033953,21.681984238878098,5.0
194.0,21.407909471694268,21.681984238878098,5.0
195.0,21.454621178940705,21.681984238878098,5.0
196.0,21.501231183920964,21.681984238878098,5.0
197.0,21.54774014852146,21.681984238878098,5.0
198.0,21.59414872747718,21.681984238878098,5.0
199.0,21.640457568479444,21.681984238878098,5.0
200.0,21.68666731228156,21.681984238878098,5.0
201.0,21.732778592802457,21.681984238878098,5.0
202.0,21.778792037228342,21.681984238878098,5.0
203.0,21.824708266112417,21.681984238878098,5.0
204.0,21.870527893472694,21.681984238878098,5.0
205.0,21.916251526887983,21.681984238878098,5.0
206.0,21.961879767592063,21.681984238878098,5.0
207.0,22.007413210566085,21.681984238878098,5.0
208.0,22.052852444629263,21.681984238878098,5.0
209.0,22.09819805252787,21.681984238878098,5.0
210.0,22.143450611022594,21.681984238878098,5.0
211.0,22.18861069097428,21.681984238878098,5.0
212.0,22.233678857428107,21.681984238878098,5.0
213.0,22.278655669696217,21.681984238878098,5.0
214.0,22.323541681438847,21.681984238878098,5.0
215.0,22.368337440743986,21.681984238878098,5.0
216.0,22.413043490205602,21.681984238878098,5.0
217.0,19.65045282112539,22.457660367000447,5.0
218.0,19.721881392553964,22.457660367000447,5.0
219.0,19.79124036799835,22.457660367000447,5.0
220.0,19.85860400841256,22.457660367000447,5.0
221.0,19.924043058344942,22.457660367000447,5.0
222.0,19.987624965421638,22.457660367000447,5.0
223.0,20.049414082584182,22.457660367000447,5.0
224.0,20.109471854709007,22.457660367000447,5.0
225.0,20.167856991058112,22.457660367000447,5.0
226.0,20.2246256248539,22.457660367000447,5.0
227.0,20.279831461134062,22.457660367000447,5.0
228.0,20.333525913921804,22.457660367000447,5.0
229.0,20.385758233640253,22.457660367000447,5.0
230.0,20.43657562560611,22.457660367000447,5.0
231.0,20.48602336035434,22.457660367000447,5.0
232.0,20.53483712876658,22.457660367000447,5.0
233.0,20.58353486100226,22.457660367000447,5.0
234.0,20.632117381291067,22.457660367000447,5.0
235.0,20.6805855041463,22.457660367000447,5.0
236.0,20.728940034524538,22.457660367000447,5.0
237.0,20.77718176798194,22.457660367000447,5.0
238.0,20.825311490827268,22.457660367000447,5.0
239.0,20.873329980271734,22.457660367000447,5.0
240.0,20.92123800457572,22.457660367000447,5.0
241.0,20.96903632319249,22.457660367000447,5.0
242.0,21.01672568690893,22.457660367000447,5.0
243.0,21.064306837983423,22.457660367000447,5.0
244.0,21.111780510280905,22.457660367000447,5.0
245.0,21.159147429405184,22.457660367000447,5.0
246.0,21.2064083128286,22.457660367000447,5.0
247.0,21.253563870019068,22.457660367000447,5.0
248.0,21.30061480256458,22.457660367000447,5.0
249.0,21.347561804295236,22.457660367000447,5.0
250.0,21.39440556140284,22.457660367000447,5.0
251.0,21.44114675255816,22.457660367000447,5.0
252.0,21.48778604902586,22.457660367000447,5.0
253.0,21.53432411477719,22.457660367000447,5.0
254.0,21.580761606600475,22.457660367000447,5.0
255.0,21.627099174209494,22.457660367000447,5.0
256.0,21.673337460349714,22.457660367000447,5.0
257.0,21.71947710090251,22.457660367000447,5.0
258.0,21.765518724987395,22.457660367000447,5.0
259.0,21.81146295506228,22.457660367000447,5.0
260.0,19.125146606144114,20.491228506582978,5.0
261.0,19.177433787026626,20.491228506582978,5.0
262.0,19.22957840716222,20.491228506582978,5.0
263.0,19.281581627348654,20.491228506582978,5.0
264.0,19.333444592707348,20.491228506582978,5.0
265.0,19.385168432978276,20.491228506582978,5.0
266.0,19.436754262807785,20.491228506582978,5.0
267.0,19.488203182029526,20.491228506582978,5.0
268.0,19.539516275938674,20.491228506582978,5.0
269.0,19.59069461555967,20.491228506582978,5.0
270.0,19.641739257907663,20.491228506582978,5.0
271.0,19.6926512462438,20.491228506582978,5.0
272.0,19.743431610324574,20.491228506582978,5.0
273.0,19.794081366645408,20.491228506582978,5.0
274.0,19.844601518678584,20.491228506582978,5.0
275.0,19.894993057105737,20.491228506582978,5.0
276.0,19.945256960045015,20.491228506582978,5.0
277.0,19.995394193273107,20.491228506582978,5.0
278.0,20.045405710442218,20.491228506582978,5.0
279.0,20.09529245329218,20.491228506582978,5.0
280.0,20.14505535185782,20.491228506582978,5.0
281.0,20.194695324671684,20.491228506582978,5.0
282.0,20.2442132789623,20.491228506582978,5.0
283.0,20.29361011084804,20.491228506582978,5.0
284.0,20.342886705526748,20.491228506582978,5.0
285.0,20.392043937461207,20.491228506582978,5.0
286.0,20.441082670560586,20.491228506582978,5.0
287.0,20.490003758357968,20.491228506582978,5.0
288.0,20.53880804418403,20.491228506582978,5.0
289.0,20.58749636133704,20.491228506582978,5.0
290.0,20.636069533249188,20.491228506582978,5.0
291.0,20.684528373649428,20.491228506582978,5.0
292.0,20.732873686722844,20.491228506582978,5.0
293.0,20.78110626726668,20.491228506582978,5.0
294.0,20.82922690084311,20.491228506582978,5.0
295.0,20.877236363928827,20.491228506582978,5.0
296.0,20.925135424061505,20.491228506582978,5.0
297.0,20.972924839983282,20.491228506582978,5.0
298.0,21.02060536178125,20.491228506582978,5.0
299.0,18.434655514646966,21.068177731025106,5.0
300.0,18.50608408607554,21.068177731025106,5.0
301.0,18.575307094925837,21.068177731025106,5.0
302.0,18.64240882905491,21.068177731025106,5.0
303.0,18.707469329664402,21.068177731025106,5.0
304.0,18.77056467302058,21.068177731025106,5.0
305.0,18.831767228671634,21.068177731025106,5.0
306.0,18.8911458965151,21.068177731025106,5.0
307.0,18.948766324794985,21.068177731025106,5.0
308.0,19.004691110870816,21.068177731025106,5.0
309.0,19.05897998639413,21.068177731025106,5.0
310.0,19.11168998834768,21.068177731025106,5.0
311.0,19.164013984844573,21.068177731025106,5.0
312.0,19.21619511979839,21.068177731025106,5.0
313.0,19.268234558082906,21.068177731025106,5.0
314.0,19.320133448818616,21.068177731025106,5.0
315.0,19.371892925669496,21.068177731025106,5.0
316.0,19.42351410713261,21.068177731025106,5.0
317.0,19.4749980968208,21.068177731025106,5.0
318.0,19.526345983738604,21.068177731025106,5.0
319.0,19.577558842551657,21.068177731025106,5.0
320.0,19.628637733849715,21.068177731025106,5.0
321.0,19.67958370440352,21.068177731025106,5.0
322.0,19.730397787415665,21.068177731025106,5.0
323.0,19.781081002765628,21.068177731025106,5.0
324.0,19.831634357249147,21.068177731025106,5.0
325.0,19.882058844812093,21.068177731025106,5.0
326.0,19.932355446778992,21.068177731025106,5.0
327.0,19.98252513207635,21.068177731025106,5.0
328.0,20.03256885745092,21.068177731025106,5.0
329.0,20.082487567683035,21.068177731025106,5.0
330.0,20.132282195795202,21.068177731025106,5.0
331.0,20.181953663256,21.068177731025106,5.0
332.0,20.231502880179466,21.068177731025106,5.0
333.0,20.28093074552009,21.068177731025106,5.0
334.0,20.33023814726352,21.068177731025106,5.0
335.0,20.37942596261307,21.068177731025106,5.0
336.0,20.428495058172217,21.068177731025106,5.0
337.0,20.477446290123098,21.068177731025106,5.0
338.0,20.52628050440119,21.068177731025106,5.0
339.0,20.574998536866232,21.068177731025106,5.0
340.0,18.04565106178581,19.334626137627655,5.0
341.0,18.101066075440688,19.334626137627655,5.0
342.0,18.156311440317666,19.334626137627655,5.0
343.0,18.211388706605323,19.334626137627655,5.0
344.0,18.26629940101257,19.334626137627655,5.0
345.0,18.32104502726375,19.334626137627655,5.0
346.0,18.37562706658039,19.334626137627655,5.0
347.0,18.43004697815003,19.334626137627655,5.0
348.0,18.484306199582594,19.334626137627655,5.0
349.0,18.538406147354646,19.334626137627655,5.0
350.0,18.59234821724196,19.334626137627655,5.0
351.0,18.646133784740776,19.334626137627655,5.0
352.0,18.699764205478097,19.334626137627655,5.0
353.0,18.753240815611345,19.334626137627655,5.0
354.0,18.806564932217768,19.334626137627655,5.0
355.0,18.859737853673874,19.334626137627655,5.0
356.0,16.548665752522062,17.73071330627364,5.0
357.0,16.60909358488961,17.73071330627364,5.0
358.0,16.66930156643231,17.73071330627364,5.0
359.0,16.729292082292538,17.73071330627364,5.0
360.0,16.78906747476467,17.73071330627364,5.0
361.0,16.848630044365578,17.73071330627364,5.0
362.0,16.907982050870963,17.73071330627364,5.0
363.0,16.967125714318872,17.73071330627364,5.0
364.0,17.026063215981637,17.73071330627364,5.0
365.0,17.084796699307443,17.73071330627364,5.0
366.0,17.1433282708327,17.73071330627364,5.0
367.0,17.201660001066287,17.73071330627364,5.0
368.0,17.259793925346735,17.73071330627364,5.0
369.0,17.317732044673377,17.73071330627364,5.0
370.0,17.375476326512384,17.73071330627364,5.0
371.0,17.43302870557863,17.73071330627364,5.0
372.0,17.490391084594272,17.73071330627364,5.0
373.0,17.54756533502489,17.73071330627364,5.0
374.0,17.604553297793945,17.73071330627364,5.0
375.0,17.661356783976426,17.73071330627364,5.0
376.0,17.717977575472315,17.73071330627364,5.0
377.0,17.774417425660655,17.73071330627364,5.0
378.0,17.830678060034884,17.73071330627364,5.0
379.0,17.88676117682007,17.73071330627364,5.0
380.0,17.942668447572693,17.73071330627364,5.0
381.0,17.998401517763558,17.73071330627364,5.0
382.0,18.053962007344428,17.73071330627364,5.0
383.0,18.109351511298918,17.73071330627364,5.0
384.0,18.164571600178196,17.73071330627364,5.0
385.0,18.219623820621983,17.73071330627364,5.0
386.0,15.990195983882195,18.274509695865365,5.0
387.0,16.061624555310768,18.274509695865365,5.0
388.0,16.130511893977356,18.274509695865365,5.0
389.0,16.196969729165108,18.274509695865365,5.0
390.0,16.26110332950639,18.274509695865365,5.0
391.0,16.32301199356074,18.274509695865365,5.0
392.0,16.384275196724133,18.274509695865365,5.0
393.0,14.389645661828208,15.417477494815937,5.0
394.0,14.45914007631909,15.417477494815937,5.0
395.0,14.528300482451248,15.417477494815937,5.0
396.0,14.597131657935806,15.417477494815937,5.0
397.0,14.665638267551563,15.417477494815937,5.0
398.0,14.733824866849634,15.417477494815937,5.0
399.0,14.801695905703228,15.417477494815937,5.0
400.0,14.869255731710375,15.417477494815937,5.0
401.0,14.936508593457004,15.417477494815937,5.0
402.0,15.003458643647319,15.417477494815937,5.0
403.0,15.070109942107985,15.417477494815937,5.0
404.0,15.13646645867233,15.417477494815937,5.0
405.0,15.202532075950336,15.417477494815937,5.0
406.0,15.268310591989907,15.417477494815937,5.0
407.0,15.333805722834613,15.417477494815937,5.0
408.0,15.399021104982754,15.417477494815937,5.0
409.0,15.46396029775238,15.417477494815937,5.0
410.0,15.528626785556629,15.417477494815937,5.0
411.0,15.593023980093502,15.417477494815937,5.0
412.0,15.657155222453973,15.417477494815937,5.0
413.0,15.721023785152125,15.417477494815937,5.0
414.0,15.78463287408083,15.417477494815937,5.0
415.0,15.847985630396249,15.417477494815937,5.0
416.0,15.911085132334337,15.417477494815937,5.0
417.0,15.973934396962292,15.417477494815937,5.0
418.0,16.036536381867787,15.417477494815937,5.0
419.0,16.098893986788678,15.417477494815937,5.0
420.0,16.161010055185713,15.417477494815937,5.0
421.0,16.22288737576068,15.417477494815937,5.0
422.0,16.284528683922268,15.417477494815937,5.0
423.0,16.345936663201847,15.417477494815937,5.0
424.0,16.40711394662123,15.417477494815937,5.0
425.0,16.468063118014406,15.417477494815937,5.0
426.0,16.531858454215737,15.417477494815937,5.0
427.0,16.599266541605672,15.417477494815937,5.0
428.0,16.670461798566432,15.417477494815937,5.0
429.0,16.74562374182215,15.417477494815937,5.0
430.0,16.82493677712517,15.417477494815937,5.0
431.0,16.908589946284344,15.417477494815937,5.0
432.0,16.996776628686924,15.417477494815937,5.0
433.0,17.089694195845244,15.417477494815937,5.0
434.0,17.187543617951103,15.417477494815937,5.0
435.0,17.290529021943705,15.417477494815937,5.0
436.0,17.398857201188576,15.417477494815937,5.0
437.0,17.51273707751961,15.417477494815937,5.0
438.0,17.632379117106517,15.417477494815937,5.0
439.0,17.757994702364762,15.417477494815937,5.0
440.0,17.88979546291106,15.417477494815937,5.0
441.0,18.027992569368802,15.417477494815937,5.0
442.0,15.9011964952976,18.17279599462583,5.0
443.0,15.972625066726172,18.17279599462583,5.0
444.0,16.04149824564036,18.17279599462583,5.0
445.0,16.107929002803726,18.17279599462583,5.0
446.0,16.172023741223008,18.17279599462583,5.0
447.0,16.23388279749878,18.17279599462583,5.0
448.0,16.29548235519388,18.17279599462583,5.0
449.0,16.35684905660246,18.17279599462583,5.0
450.0,16.417985525890618,18.17279599462583,5.0
451.0,16.478894338267327,18.17279599462583,5.0
452.0,16.539578021254346,18.17279599462583,5.0
453.0,16.600039055914053,18.17279599462583,5.0
454.0,16.66027987803692,18.17279599462583,5.0
455.0,16.720302879290237,18.17279599462583,5.0
456.0,16.780110408329595,18.17279599462583,5.0
457.0,16.83970477187464,18.17279599462583,5.0
458.0,16.899088235750455,18.17279599462583,5.0
459.0,16.958263025895906,18.17279599462583,5.0
460.0,14.890077413172717,15.953654371256484,5.0
461.0,14.957236231240065,15.953654371256484,5.0
462.0,15.024093502499268,15.953654371256484,5.0
463.0,15.090653258655847,15.953654371256484,5.0
464.0,15.156919442290171,15.953654371256484,5.0
465.0,15.222895909593273,15.953654371256484,5.0
466.0,15.28858643299558,15.953654371256484,5.0
467.0,15.353994703693635,15.953654371256484,5.0
468.0,15.419124334079624,15.953654371256484,5.0
469.0,15.48397886007821,15.953654371256484,5.0
470.0,15.548561743394995,15.953654371256484,5.0
471.0,15.612876373680642,15.953654371256484,5.0
472.0,15.676926070614497,15.953654371256484,5.0
473.0,15.740714085911351,15.953654371256484,5.0
474.0,15.804243605254761,15.953654371256484,5.0
475.0,15.867517750160216,15.953654371256484,5.0
476.0,15.930539579771208,15.953654371256484,5.0
477.0,15.993312092591164,15.953654371256484,5.0
478.0,16.055838228153995,15.953654371256484,5.0
479.0,16.118120868635916,15.953654371256484,5.0
480.0,16.180162840411043,15.953654371256484,5.0
481.0,16.24196691555313,15.953654371256484,5.0
482.0,16.303535813285734,15.953654371256484,5.0
483.0,16.364872201382916,15.953654371256484,5.0
484.0,16.425978697522584,15.953654371256484,5.0
485.0,16.486857870594374,15.953654371256484,5.0
486.0,16.547512241963922,15.953654371256484,5.0
487.0,16.607944286695336,15.953654371256484,5.0
488.0,16.668156434733493,15.953654371256484,5.0
489.0,16.7281510720478,15.953654371256484,5.0
490.0,16.787930541738923,15.953654371256484,5.0
491.0,16.847497145109944,15.953654371256484,5.0
492.0,16.906853142703348,15.953654371256484,5.0
493.0,16.96600075530514,15.953654371256484,5.0
494.0,17.02566987819682,15.953654371256484,5.0
495.0,17.088634537714455,15.953654371256484,5.0
496.0,17.15505179088662,15.953654371256484,5.0
497.0,17.225083489669853,15.953654371256484,5.0
498.0,17.298896143128157,15.953654371256484,5.0
499.0,17.37666074502769,15.953654371256484,5.0
500.0,17.458552565018383,15.953654371256484,5.0
501.0,17.544750901802455,15.953654371256484,5.0
502.0,15.431008947349879,17.63543879697129,5.0
503.0,15.50243751877845,17.63543879697129,5.0
504.0,15.57123319286548,17.63543879697129,5.0
505.0,15.637515855854934,17.63543879697129,5.0
506.0,15.701464631940464,17.63543879697129,5.0
507.0,15.765152958057874,17.63543879697129,5.0
508.0,15.828583995020244,17.63543879697129,5.0
509.0,15.891760840170424,17.63543879697129,5.0
510.0,15.954686529152116,17.63543879697129,5.0
511.0,16.01736403761791,17.63543879697129,5.0
512.0,16.079796282876956,17.63543879697129,5.0
513.0,16.141986125484905,17.63543879697129,5.0
514.0,16.203936370778525,17.63543879697129,5.0
515.0,16.265649770357367,17.63543879697129,5.0
516.0,16.32712902351468,17.63543879697129,5.0
517.0,16.38837677861968,17.63543879697129,5.0
518.0,16.4493956344532,17.63543879697129,5.0
519.0,16.510188141498595,17.63543879697129,5.0
520.0,16.570756803189767,17.63543879697129,5.0
521.0,16.631104077117985,17.63543879697129,5.0
522.0,16.691232376199213,17.63543879697129,5.0
523.0,16.751144069803452,17.63543879697129,5.0
524.0,16.810841484847636,17.63543879697129,5.0
525.0,16.87032690685351,17.63543879697129,5.0
526.0,16.92960258097182,17.63543879697129,5.0
527.0,16.988670712974162,17.63543879697129,5.0
528.0,17.047533470213686,17.63543879697129,5.0
529.0,17.106192982555882,17.63543879697129,5.0
530.0,17.164651343280546,17.63543879697129,5.0
531.0,17.22291060995604,17.63543879697129,5.0
532.0,17.28097280528683,17.63543879697129,5.0
533.0,17.338839917935378,17.63543879697129,5.0
534.0,17.39651390331923,17.63543879697129,5.0
535.0,15.272247098836266,16.363121891610284,5.0
536.0,15.337725347945803,16.363121891610284,5.0
537.0,15.402924064007955,16.363121891610284,5.0
538.0,15.467846801784525,16.363121891610284,5.0
539.0,15.53249704126612,16.363121891610284,5.0
540.0,15.596878189856925,16.363121891610284,5.0
541.0,15.660993584478032,16.363121891610284,5.0
542.0,15.724846493593015,16.363121891610284,5.0
543.0,15.788440119159246,16.363121891610284,5.0
544.0,15.851777598508235,16.363121891610284,5.0
545.0,15.914862006158145,16.363121891610284,5.0
546.0,15.97769635556143,16.363121891610284,5.0
547.0,16.040283600790428,16.363121891610284,5.0
548.0,16.102626638163578,16.363121891610284,5.0
549.0,16.164728307814787,16.363121891610284,5.0
550.0,16.226591395208377,16.363121891610284,5.0
551.0,16.288218632601886,16.363121891610284,5.0
552.0,16.34961270045891,16.363121891610284,5.0
553.0,16.410776228814044,16.363121891610284,5.0
554.0,16.47171179859192,16.363121891610284,5.0
555.0,16.532421942882173,16.363121891610284,5.0
556.0,16.592909148172172,16.363121891610284,5.0
557.0,16.653175855539164,16.363121891610284,5.0
558.0,16.7132244618035,16.363121891610284,5.0
559.0,16.773057320644437,16.363121891610284,5.0
560.0,16.832676743680043,16.363121891610284,5.0
561.0,16.892085001512562,16.363121891610284,5.0
562.0,16.951284324740598,16.363121891610284,5.0
563.0,17.010276904939403,16.363121891610284,5.0
564.0,17.069064895610477,16.363121891610284,5.0
565.0,17.127650413101666,16.363121891610284,5.0
566.0,17.186035537498825,16.363121891610284,5.0
567.0,17.244222313490184,16.363121891610284,5.0
568.0,15.139436157303823,17.30221275120437,5.0
569.0,15.210864728732394,17.30221275120437,5.0
570.0,15.27960993355042,17.30221275120437,5.0
571.0,15.345796270323742,17.30221275120437,5.0
572.0,15.410960695967384,17.30221275120437,5.0
573.0,15.475849577311536,17.30221275120437,5.0
574.0,15.54046638526152,17.30221275120437,5.0
575.0,15.60481451840046,17.30221275120437,5.0
576.0,15.66889730508279,17.30221275120437,5.0
577.0,15.732718005450494,17.30221275120437,5.0
578.0,15.796279813375453,17.30221275120437,5.0
579.0,15.859585858331256,17.30221275120437,5.0
580.0,15.92263920719753,17.30221275120437,5.0
581.0,15.98544286599977,17.30221275120437,5.0
582.0,16.04799978158745,17.30221275120437,5.0
583.0,16.110312843253077,17.30221275120437,5.0
584.0,16.17238488429471,17.30221275120437,5.0
585.0,16.234218683524354,17.30221275120437,5.0
586.0,16.29581696672445,17.30221275120437,5.0
587.0,16.357182408054697,17.30221275120437,5.0
588.0,16.41831763141123,17.30221275120437,5.0
589.0,16.479225211740097,17.30221275120437,5.0
590.0,16.539907676306914,17.30221275120437,5.0
591.0,16.600367505924492,17.30221275120437,5.0
592.0,16.660607136140094,17.30221275120437,5.0
593.0,16.72062895838394,17.30221275120437,5.0
594.0,16.780435321080517,17.30221275120437,5.0
595.0,16.840028530724116,17.30221275120437,5.0
596.0,16.899410852920038,17.30221275120437,5.0
597.0,16.958584513392776,17.30221275120437,5.0
598.0,17.017551698962436,17.30221275120437,5.0
599.0,17.076314558490633,17.30221275120437,5.0
600.0,17.134875203797016,17.30221275120437,5.0
601.0,17.193235710547505,17.30221275120437,5.0
602.0,17.251398119115343,17.30221275120437,5.0
603.0,17.30936443541593,17.30221275120437,5.0
604.0,17.367136631716445,17.30221275120437,5.0
605.0,15.246627066493506,17.42471664742115,5.0
606.0,15.318055637922077,17.42471664742115,5.0
607.0,15.386819620091059,17.42471664742115,5.0
608.0,15.453041785478282,17.42471664742115,5.0
609.0,15.51775396408248,17.42471664742115,5.0
610.0,15.582196279788388,17.42471664742115,5.0
611.0,15.64637208543506,17.42471664742115,5.0
612.0,15.710284664948038,17.42471664742115,5.0
613.0,15.773937235307322,17.42471664742115,5.0
614.0,15.83733294844365,17.42471664742115,5.0
615.0,15.900474893066232,17.42471664742115,5.0
616.0,15.963366096424949,17.42471664742115,5.0
617.0,16.026009526009886,17.42471664742115,5.0
618.0,16.088408091190882,17.42471664742115,5.0
619.0,16.15056464479966,17.42471664742115,5.0
620.0,16.212481984657,17.42471664742115,5.0
621.0,16.274162855047255,17.42471664742115,5.0
622.0,16.335609948142423,17.42471664742115,5.0
623.0,16.396825905377845,17.42471664742115,5.0
624.0,16.457813318781557,17.42471664742115,5.0
625.0,16.51857473225918,17.42471664742115,5.0
626.0,16.57911264283612,17.42471664742115,5.0
627.0,16.639429501858853,17.42471664742115,5.0
628.0,16.6995277161569,17.42471664742115,5.0
629.0,16.759409649167047,17.42471664742115,5.0
630.0,16.81907762202131,17.42471664742115,5.0
631.0,16.878533914600084,17.42471664742115,5.0
632.0,16.93778076655178,17.42471664742115,5.0
633.0,16.996820378280297,17.42471664742115,5.0
634.0,17.05565491190153,17.42471664742115,5.0
635.0,17.11428649217009,17.42471664742115,5.0
636.0,17.172717207377385,17.42471664742115,5.0
637.0,17.230949110222113,17.42471664742115,5.0
638.0,17.288984218654228,17.42471664742115,5.0
639.0,17.346824516693314,17.42471664742115,5.0
640.0,17.40447195522235,17.42471664742115,5.0
641.0,17.46192845275774,17.42471664742115,5.0
642.0,17.5191958961965,17.42471664742115,5.0
643.0,17.576276141541385,17.42471664742115,5.0
644.0,15.429024637779174,17.63317101460477,5.0
645.0,15.500453209207745,17.63317101460477,5.0
646.0,15.569248546241184,17.63317101460477,5.0
647.0,15.635530565640954,17.63317101460477,5.0
648.0,15.699487461494396,17.63317101460477,5.0
649.0,15.763183808426273,17.63317101460477,5.0
650.0,15.826622769244928,17.63317101460477,5.0
651.0,15.889807443232561,17.63317101460477,5.0
652.0,15.952740867918328,17.63317101460477,5.0
653.0,16.01542602078827,17.63317101460477,5.0
654.0,16.077865820934825,17.63317101460477,5.0
655.0,16.140063130648524,17.63317101460477,5.0
656.0,16.20202075695428,17.63317101460477,5.0
657.0,14.230773771457821,15.247257612276236,5.0
658.0,14.301044019306584,15.247257612276236,5.0
659.0,14.37096898413083,15.247257612276236,5.0
660.0,14.440553714367478,15.247257612276236,5.0
661.0,14.509803136500445,15.247257612276236,5.0
662.0,14.578722059148294,15.247257612276236,5.0
663.0,14.647315176977335,15.247257612276236,5.0
664.0,14.715587074449154,15.247257612276236,5.0
665.0,14.783542229411086,15.247257612276236,5.0
666.0,14.851185016537608,15.247257612276236,5.0
667.0,14.918519710630129,15.247257612276236,5.0
668.0,14.985550489782263,15.247257612276236,5.0
669.0,15.052281438417205,15.247257612276236,5.0
670.0,15.1187165502035,15.247257612276236,5.0
671.0,15.18485973085507,15.247257612276236,5.0
672.0,15.250714800821113,15.247257612276236,5.0
673.0,15.316285497871075,15.247257612276236,5.0
674.0,15.381575479579695,15.247257612276236,5.0
675.0,15.446588325716789,15.247257612276236,5.0
676.0,15.511327540546196,15.247257612276236,5.0
677.0,15.57579655503809,15.247257612276236,5.0
678.0,15.639998728998597,15.247257612276236,5.0
679.0,15.70393735312047,15.247257612276236,5.0
680.0,15.767615650958387,15.247257612276236,5.0
681.0,15.831036780832212,15.247257612276236,5.0
682.0,15.894203837661413,15.247257612276236,5.0
683.0,15.957119854733655,15.247257612276236,5.0
684.0,16.01978780541044,15.247257612276236,5.0
685.0,16.082210604772506,15.247257612276236,5.0
686.0,16.14439111120756,15.247257612276236,5.0
687.0,16.20633212794283,15.247257612276236,5.0
688.0,16.268036404524686,15.247257612276236,5.0
689.0,16.330783915463655,15.247257612276236,5.0
690.0,16.39713261671378,15.247257612276236,5.0
691.0,16.467259207216895,15.247257612276236,5.0
692.0,16.54134570695487,15.247257612276236,5.0
693.0,16.619579250803394,15.247257612276236,5.0
694.0,16.70215183689704,15.247257612276236,5.0
695.0,16.789260027436104,15.247257612276236,5.0
696.0,16.88110460025468,15.247257612276236,5.0
697.0,16.977890149936886,15.247257612276236,5.0
698.0,17.079824637813584,15.247257612276236,5.0
699.0,17.18711889079322,15.247257612276236,5.0
700.0,17.29998604967208,15.247257612276236,5.0
701.0,17.418640968323572,15.247257612276236,5.0
702.0,17.543299565971694,15.247257612276236,5.0
703.0,15.464905868647017,17.67417813559659,5.0
704.0,15.536334440075589,17.67417813559659,5.0
705.0,15.605135858575132,17.67417813559659,5.0
706.0,15.671429490869416,17.67417813559659,5.0
707.0,15.73532757514737,17.67417813559659,5.0
708.0,15.79887884188931,17.67417813559659,5.0
709.0,15.862174472548151,17.67417813559659,5.0
710.0,15.92521753147621,17.67417813559659,5.0
711.0,15.988011022241627,17.67417813559659,5.0
712.0,16.050557889304006,17.67417813559659,5.0
713.0,16.112861019631108,17.67417813559659,5.0
714.0,16.1749232442591,17.67417813559659,5.0
715.0,16.23674733979878,17.67417813559659,5.0
716.0,16.29833602988998,17.67417813559659,5.0
717.0,16.359691986606425,17.67417813559659,5.0
718.0,16.420817831812965,17.67417813559659,5.0
719.0,16.481716138477243,17.67417813559659,5.0
720.0,16.542389431937593,17.67417813559659,5.0
721.0,16.60284019112897,17.67417813559659,5.0
722.0,16.663070849768587,17.67417813559659,5.0
723.0,16.72308379750288,17.67417813559659,5.0
724.0,16.78288138101731,17.67417813559659,5.0
725.0,16.84246590511048,17.67417813559659,5.0
726.0,16.901839633733946,17.67417813559659,5.0
727.0,16.961004790999084,17.67417813559659,5.0
728.0,17.019963562152235,17.67417813559659,5.0
729.0,17.078718094519374,17.67417813559659,5.0
730.0,14.995111686118769,16.06619109227011,5.0
731.0,15.061800085707397,16.06619109227011,5.0
732.0,15.12819321231309,16.06619109227011,5.0
733.0,15.194294959294089,16.06619109227011,5.0
734.0,15.260109135119885,16.06619109227011,5.0
735.0,15.325639465941608,16.06619109227011,5.0
736.0,15.390889598063163,16.06619109227011,5.0
737.0,15.45586310031776,16.06619109227011,5.0
738.0,15.520563466354222,16.06619109227011,5.0
739.0,15.58499411683723,16.06619109227011,5.0
740.0,15.649158401565426,16.06619109227011,5.0
741.0,15.713059601511103,16.06619109227011,5.0
742.0,15.776700930784992,16.06619109227011,5.0
743.0,15.840085538529486,16.06619109227011,5.0
744.0,15.903216510743468,16.06619109227011,5.0
745.0,15.966096872041728,16.06619109227011,5.0
746.0,16.028729587351823,16.06619109227011,5.0
747.0,16.091117563551077,16.06619109227011,5.0
748.0,16.153263651046277,16.06619109227011,5.0
749.0,16.215170645298503,16.06619109227011,5.0
750.0,16.2768412882954,16.06619109227011,5.0
751.0,16.33827826997311,16.06619109227011,5.0
752.0,16.39948422958991,16.06619109227011,5.0
753.0,16.46046175705359,16.06619109227011,5.0
754.0,16.52121339420444,16.06619109227011,5.0
755.0,16.58174163605566,16.06619109227011,5.0
756.0,16.64204893199287,16.06619109227011,5.0
757.0,16.70213768693443,16.06619109227011,5.0
758.0,16.762010262454048,16.06619109227011,5.0
759.0,14.718960355633795,16.821668977867194,5.0
760.0,14.790388927062367,16.821668977867194,5.0
761.0,14.859057846480981,16.821668977867194,5.0
762.0,14.926356864381825,16.821668977867194,5.0
763.0,14.993352448708652,16.821668977867194,5.0
764.0,15.060048673146845,16.821668977867194,5.0
765.0,15.126449520959712,16.821668977867194,5.0
766.0,15.192558887775393,16.821668977867194,5.0
767.0,15.258380584264234,16.821668977867194,5.0
768.0,15.323918338711865,16.821668977867194,5.0
769.0,15.389175799492882,16.821668977867194,5.0
770.0,15.454156537449814,16.821668977867194,5.0
771.0,15.518864048181747,16.821668977867194,5.0
772.0,15.583301754246785,16.821668977867194,5.0
773.0,15.647473007282263,16.821668977867194,5.0
774.0,15.711381090046464,16.821668977867194,5.0
775.0,15.775029218385322,16.821668977867194,5.0
776.0,15.8384205431275,16.821668977867194,5.0
777.0,15.901558151910965,16.821668977867194,5.0
778.0,15.964445070944105,16.821668977867194,5.0
779.0,16.02708426670419,16.821668977867194,5.0
780.0,16.089478647575916,16.821668977867194,5.0
781.0,16.15163106543258,16.821668977867194,5.0
782.0,16.213544317162317,16.821668977867194,5.0
783.0,16.275221146141746,16.821668977867194,5.0
784.0,16.33666424365917,16.821668977867194,5.0
785.0,16.397876250289478,16.821668977867194,5.0
786.0,16.458859757222722,16.821668977867194,5.0
787.0,16.519617307548234,16.821668977867194,5.0
788.0,16.580151397496135,16.821668977867194,5.0
789.0,16.640464477637913,16.821668977867194,5.0
790.0,16.700558954047743,16.821668977867194,5.0
791.0,16.760437189426064,16.821668977867194,5.0
792.0,16.82010150418695,16.821668977867194,5.0
793.0,16.879554177510656,16.821668977867194,5.0
794.0,16.9387974483627,16.821668977867194,5.0
795.0,16.997833516480785,16.821668977867194,5.0
796.0,17.05666454333079,16.821668977867194,5.0
797.0,17.115292653032988,16.821668977867194,5.0
798.0,17.173719933259644,16.821668977867194,5.0
799.0,17.23194843610505,16.821668977867194,5.0
800.0,17.28998017892902,16.821668977867194,5.0
801.0,15.179340002028004,17.34781714517486,5.0
802.0,15.250768573456575,17.34781714517486,5.0
803.0,15.319520799340067,17.34781714517486,5.0
804.0,15.38572053144664,17.34781714517486,5.0
805.0,15.450715862536667,17.34781714517486,5.0
806.0,15.515437782795695,17.34781714517486,5.0
807.0,15.579889718603066,17.34781714517486,5.0
808.0,15.644075025306872,17.34781714517486,5.0
809.0,15.707996989269736,17.34781714517486,5.0
810.0,15.771658829839422,17.34781714517486,5.0
811.0,15.835063701247625,17.34781714517486,5.0
812.0,13.910937857635094,14.9045762760376,5.0
813.0,13.982823736950639,14.9045762760376,5.0
814.0,14.054340050022471,14.9045762760376,5.0
815.0,14.125492448245424,14.9045762760376,5.0
816.0,14.19628644028952,14.9045762760376,5.0
817.0,14.26672739709932,14.9045762760376,5.0
818.0,14.336820556670261,14.9045762760376,5.0
819.0,14.40657102861397,14.9045762760376,5.0
820.0,14.475983798523883,14.9045762760376,5.0
821.0,14.545063732151743,14.9045762760376,5.0
822.0,14.613815579404877,14.9045762760376,5.0
823.0,14.682243978173593,14.9045762760376,5.0
824.0,14.750353457997425,14.9045762760376,5.0
825.0,14.818148443578453,14.9045762760376,5.0
826.0,14.885633258149422,14.9045762760376,5.0
827.0,14.952812126703941,14.9045762760376,5.0
828.0,15.019689179095586,14.9045762760376,5.0
829.0,15.086268453012373,14.9045762760376,5.0
830.0,15.152553896832666,14.9045762760376,5.0
831.0,15.218549372368248,14.9045762760376,5.0
832.0,15.284258657499961,14.9045762760376,5.0
833.0,15.349685448711016,14.9045762760376,5.0
834.0,15.41483336352278,14.9045762760376,5.0
835.0,15.479705942837608,14.9045762760376,5.0
836.0,15.544306653193008,14.9045762760376,5.0
837.0,15.608638888931203,14.9045762760376,5.0
838.0,15.672705974287963,14.9045762760376,5.0
839.0,15.736511165404325,14.9045762760376,5.0
840.0,15.800057652264668,14.9045762760376,5.0
841.0,15.863348560564402,14.9045762760376,5.0
842.0,15.926386953510388,14.9045762760376,5.0
843.0,15.99054530156858,14.9045762760376,5.0
844.0,16.058458496838067,14.9045762760376,5.0
845.0,16.130313601798964,14.9045762760376,5.0
846.0,16.20630327912456,14.9045762760376,5.0
847.0,16.286625545138406,14.9045762760376,5.0
848.0,16.371483471371832,14.9045762760376,5.0
849.0,16.461084832048726,14.9045762760376,5.0
850.0,16.555641695821198,14.9045762760376,5.0
851.0,16.65536996067005,14.9045762760376,5.0
852.0,16.76048883156675,14.9045762760376,5.0
853.0,16.871220241263686,14.9045762760376,5.0
854.0,16.987788215429305,14.9045762760376,5.0
855.0,17.110418184261835,14.9045762760376,5.0
856.0,17.239336243684438,14.9045762760376,5.0
857.0,17.37476837022598,14.9045762760376,5.0
858.0,17.51693959470235,14.9045762760376,5.0
859.0,17.666073140807335,14.9045762760376,5.0
860.0,17.82238953567105,14.9045762760376,5.0
861.0,17.98610570031853,14.9045762760376,5.0
862.0,18.15743402873074,14.9045762760376,5.0
863.0,18.336581464846773,14.9045762760376,5.0
864.0,18.523748587322068,14.9045762760376,5.0
865.0,18.71912871215066,14.9045762760376,5.0
866.0,18.92290702335149,14.9045762760376,5.0
867.0,19.135259741797718,14.9045762760376,5.0
868.0,19.35635334192894,14.9045762760376,5.0
869.0,19.586343825531454,14.9045762760376,5.0
870.0,17.347204053384896,19.82537606101131,5.0
871.0,17.41863262481347,19.82537606101131,5.0
872.0,17.487717939603602,19.82537606101131,5.0
873.0,17.55455508008932,19.82537606101131,5.0
874.0,17.619234047188222,19.82537606101131,5.0
875.0,17.681840117574556,19.82537606101131,5.0
876.0,17.742454169313046,19.82537606101131,5.0
877.0,17.801152979292244,19.82537606101131,5.0
878.0,17.85800949538628,19.82537606101131,5.0
879.0,15.674755930523062,16.79438135413185,5.0
880.0,15.73855277714909,16.79438135413185,5.0
881.0,15.802091020732192,16.79438135413185,5.0
882.0,15.8653737849365,16.79438135413185,5.0
883.0,15.928404130994243,16.79438135413185,5.0
884.0,15.99118505943981,16.79438135413185,5.0
885.0,16.053719511782333,16.79438135413185,5.0
886.0,16.11601037211947,16.79438135413185,5.0
887.0,16.17806046869486,16.79438135413185,5.0
888.0,16.23987257540166,16.79438135413185,5.0
889.0,16.30144941323441,16.79438135413185,5.0
890.0,16.362793651691398,16.79438135413185,5.0
891.0,16.42390791012957,16.79438135413185,5.0
892.0,16.484794759073925,16.79438135413185,5.0
893.0,16.545456721483227,16.79438135413185,5.0
894.0,16.605896273973887,16.79438135413185,5.0
895.0,16.66611584800358,16.79438135413185,5.0
896.0,16.726117831016307,16.79438135413185,5.0
897.0,16.78590456755033,16.79438135413185,5.0
898.0,16.845478360310544,16.79438135413185,5.0
899.0,16.904841471206588,16.79438135413185,5.0
900.0,16.96399612235805,16.79438135413185,5.0
901.0,17.022944497068064,16.79438135413185,5.0
902.0,17.08168874076646,16.79438135413185,5.0
903.0,17.140230961923635,16.79438135413185,5.0
904.0,17.198573232936287,16.79438135413185,5.0
905.0,17.256717590985996,16.79438135413185,5.0
906.0,17.314666038871724,16.79438135413185,5.0
907.0,17.372420545817164,16.79438135413185,5.0
908.0,17.429983048253867,16.79438135413185,5.0
909.0,17.487355450581028,16.79438135413185,5.0
910.0,17.54453962590279,16.79438135413185,5.0
911.0,17.601537416743856,16.79438135413185,5.0
912.0,17.65835063574419,16.79438135413185,5.0
913.0,17.714981066333543,16.79438135413185,5.0
914.0,17.77143046338655,16.79438135413185,5.0
915.0,17.82770055385902,16.79438135413185,5.0
916.0,17.885661994068624,16.79438135413185,5.0
917.0,17.94667626574046,16.79438135413185,5.0
918.0,18.01088285723107,16.79438135413185,5.0
919.0,18.078425437611067,16.79438135413185,5.0
920.0,18.14945176055664,16.79438135413185,5.0
921.0,18.224113542317436,16.79438135413185,5.0
922.0,18.302566312317232,16.79438135413185,5.0
923.0,18.384969235079513,16.79438135413185,5.0
924.0,18.47148490234061,16.79438135413185,5.0
925.0,18.56227909441968,16.79438135413185,5.0
926.0,18.657520510158296,16.79438135413185,5.0
927.0,18.757380465022717,16.79438135413185,5.0
928.0,18.862032557277885,16.79438135413185,5.0
929.0,18.971652302491837,16.79438135413185,5.0
930.0,19.086416737009436,16.79438135413185,5.0
931.0,19.20650399144066,16.79438135413185,5.0
932.0,19.33209283563551,16.79438135413185,5.0
933.0,19.46336219705849,16.79438135413185,5.0
934.0,17.15042932305698,19.60049065492226,5.0
935.0,17.221857894485552,19.60049065492226,5.0
936.0,17.29091643552712,19.60049065492226,5.0
937.0,17.357702202146456,19.60049065492226,5.0
938.0,17.422307194980657,19.60049065492226,5.0
939.0,17.484818532760567,19.60049065492226,5.0
940.0,17.545318792405745,19.60049065492226,5.0
941.0,17.603886319357894,19.60049065492226,5.0
942.0,17.660691957718576,19.60049065492226,5.0
943.0,17.717314880670525,19.60049065492226,5.0
944.0,17.77375684192341,19.60049065492226,5.0
945.0,17.830019567293956,19.60049065492226,5.0
946.0,17.88610475532338,19.60049065492226,5.0
947.0,17.94201407787738,19.60049065492226,5.0
948.0,17.99774918072924,19.60049065492226,5.0
949.0,18.05331168412665,19.60049065492226,5.0
950.0,18.10870318334279,19.60049065492226,5.0
951.0,18.16392524921219,19.60049065492226,5.0
952.0,18.218979428651924,19.60049065492226,5.0
953.0,18.27386724516855,19.60049065492226,5.0
954.0,18.328590199351353,19.60049065492226,5.0
955.0,18.38314976935229,19.60049065492226,5.0
956.0,18.437547411353073,19.60049065492226,5.0
957.0,18.491784560019834,19.60049065492226,5.0
958.0,18.545862628945752,19.60049065492226,5.0
959.0,18.599783011082046,19.60049065492226,5.0
960.0,18.65354707915769,19.60049065492226,5.0
961.0,18.707156186088206,19.60049065492226,5.0
962.0,18.760611665373915,19.60049065492226,5.0
963.0,18.81391483148793,19.60049065492226,5.0
964.0,18.867066980254243,19.60049065492226,5.0
965.0,16.55506071556417,17.73756505239018,5.0
966.0,16.615465205597836,17.73756505239018,5.0
967.0,16.67565009886601,17.73756505239018,5.0
968.0,16.735617775932347,17.73756505239018,5.0
969.0,16.795370574627242,17.73756505239018,5.0
970.0,16.854910791114676,17.73756505239018,5.0
971.0,16.91424068092502,17.73756505239018,5.0
972.0,16.973362459955144,17.73756505239018,5.0
973.0,17.032278305437103,17.73756505239018,5.0
974.0,17.09099035687656,17.73756505239018,5.0
975.0,17.149500716962137,17.73756505239018,5.0
976.0,17.20781145244675,17.73756505239018,5.0
977.0,17.26592459500201,17.73756505239018,5.0
978.0,17.323842142046637,17.73756505239018,5.0
979.0,15.208870300356194,16.295218178953064,5.0
980.0,15.274621403511869,16.295218178953064,5.0
981.0,15.340089474607241,16.295218178953064,5.0
982.0,15.40527814261699,16.295218178953064,5.0
983.0,15.470190959558192,16.295218178953064,5.0
984.0,15.534831402757256,16.295218178953064,5.0
985.0,15.599202877031672,16.295218178953064,5.0
986.0,15.663308716790471,16.295218178953064,5.0
987.0,15.727152188057053,16.295218178953064,5.0
988.0,15.790736490417869,16.295218178953064,5.0
989.0,15.854064758900268,16.295218178953064,5.0
990.0,15.9171400657826,16.295218178953064,5.0
991.0,15.97996542233957,16.295218178953064,5.0
992.0,16.042543780525627,16.295218178953064,5.0
993.0,16.104878034599093,16.295218178953064,5.0
994.0,16.166971022689513,16.295218178953064,5.0
995.0,16.22882552831067,16.295218178953064,5.0
996.0,16.290444281821546,16.295218178953064,5.0
997.0,16.3518299618374,16.295218178953064,5.0
998.0,16.41298519659301,16.295218178953064,5.0
999.0,16.47391256526008,16.295218178953064,5.0
1000.0,16.534614599220657,16.295218178953064,5.0
