t,cwnd,wmax,k,t_lastloss
1.0,10.726070229193617,4.169775457701303,30.0,0.0
2.0,12.142047649783136,4.169775457701303,30.0,0.0
3.0,13.560068434019106,4.169775457701303,30.0,0.0
4.0,14.772302297204318,4.169775457701303,30.0,0.0
5.0,15.81862519709315,4.169775457701303,30.0,0.0
6.0,16.870149705072112,4.169775457701303,30.0,0.0
7.0,18.18596987610838,4.169775457701303,30.0,0.0
8.0,20.0715298949283,4.169775457701303,30.0,0.0
9.0,22.812038041295544,4.169775457701303,30.0,0.0
10.0,26.602108673731472,4.169775457701303,30.0,0.0
11.0,31.52108926004149,4.169775457701303,30.0,0.0
12.0,37.56513501530088,4.169775457701303,30.0,0.0
13.0,44.69520466603125,4.169775457701303,30.0,0.0
14.0,52.86779656237675,4.169775457701303,30.0,0.0
15.0,62.0465283051192,4.169775457701303,30.0,0.0
16.0,72.20389558679332,4.169775457701303,30.0,0.0
17.0,83.31982399286704,4.169775457701303,30.0,0.0
18.0,95.37975428364742,4.169775457701303,30.0,0.0
19.0,108.37305407489042,4.169775457701303,30.0,0.0
20.0,122.29185885462519,4.169775457701303,30.0,0.0
21.0,137.13026327164945,4.169775457701303,30.0,0.0
22.0,152.88376378905105,4.169775457701303,30.0,0.0
23.0,169.54887372528168,4.169775457701303,30.0,0.0
24.0,187.1228549180305,4.169775457701303,30.0,0.0
25.0,205.60352834699398,4.169775457701303,30.0,0.0
26.0,224.98913863433125,4.169775457701303,30.0,0.0
27.0,245.2782557241098,4.169775457701303,30.0,0.0
28.0,266.46970254795707,4.169775457701303,30.0,0.0
29.0,288.5625010974452,4.169775457701303,30.0,0.0
30.0,311.55583170896455,4.169775457701303,30.0,0.0
31.0,335.4490019562163,4.169775457701303,30.0,0.0
32.0,360.2414226164024,4.169775457701303,30.0,0.0
33.0,385.9325889064975,4.169775457701303,30.0,0.0
34.0,412.5220656901139,4.169775457701303,30.0,0.0
35.0,440.00947570771075,4.169775457701303,30.0,0.0
36.0,468.3944901319325,4.169775457701303,30.0,0.0
37.0,497.67682092796014,4.169775457701303,30.0,0.0
38.0,527.8562146275234,4.169775457701303,30.0,0.0
39.0,558.9324472193044,4.169775457701303,30.0,0.0
40.0,590.9053199278904,4.169775457701303,30.0,0.0
41.0,623.774655705161,4.169775457701303,30.0,0.0
42.0,657.5402962968775,4.169775457701303,30.0,0.0
43.0,692.2020997767296,4.169775457701303,30.0,0.0
44.0,727.7599384626313,4.169775457701303,30.0,0.0
45.0,764.2136971474239,4.169775457701303,30.0,0.0
46.0,801.5632715896173,4.169775457701303,30.0,0.0
47.0,839.8085672203362,4.169775457701303,30.0,0.0
48.0,878.9494980309163,4.169775457701303,30.0,0.0
49.0,918.985985612163,4.169775457701303,30.0,0.0
50.0,959.9179583215027,4.169775457701303,30.0,0.0
51.0,1001.7453505584481,4.169775457701303,30.0,0.0
52.0,1044.468102132164,4.169775457701303,30.0,0.0
53.0,1088.086157707657,4.169775457701303,30.0,0.0
54.0,1132.5994663193273,4.169775457701303,30.0,0.0
55.0,1178.007980942439,4.169775457701303,30.0,0.0
56.0,1224.311658114561,4.169775457701303,30.0,0.0
57.0,1271.510457600255,4.169775457701303,30.0,0.0
58.0,1319.604342093311,4.169775457701303,30.0,0.0
59.0,1368.5932769516771,4.169775457701303,30.0,0.0
60.0,1418.4772299609392,4.169775457701303,30.0,0.0
61.0,1469.2561711227982,4.169775457701303,30.0,0.0
62.0,1520.9300724654934,4.169775457701303,30.0,0.0
63.0,1573.4989078735414,4.169775457701303,30.0,0.0
64.0,1626.962652934513,4.169775457701303,30.0,0.0
65.0,1681.321284800881,4.169775457701303,30.0,0.0
66.0,1736.57478206522,4.169775457701303,30.0,0.0
67.0,1792.7231246472709,4.169775457701303,30.0,0.0
68.0,1849.7662936915597,4.169775457701303,30.0,0.0
69.0,1907.7042714744337,4.169775457701303,30.0,0.0
70.0,1966.53704131951,4.169775457701303,30.0,0.0
71.0,2026.2645875206567,4.169775457701303,30.0,0.0
72.0,2086.8868952717285,4.169775457701303,30.0,0.0
73.0,2148.403950602372,4.169775457701303,30.0,0.0
74.0,2210.815740319293,4.169775457701303,30.0,74.0
75.0,17.260702291936177,4.169775457701303,30.0,74.0
76.0,17.762028428445447,4.169775457701303,30.0,74.0
77.0,18.414977228670327,4.169775457701303,30.0,74.0
78.0,19.043979654486087,4.169775457701303,30.0,74.0
79.0,19.6313002158021,4.169775457701303,30.0,74.0
80.0,20.284389767570445,4.169775457701303,30.0,74.0
81.0,21.210414332424136,4.169775457701303,30.0,74.0
82.0,22.68451534504515,4.169775457701303,30.0,74.0
83.0,24.994161592278363,4.169775457701303,30.0,74.0
84.0,28.366033522616647,4.169775457701303,30.0,74.0
85.0,32.91694583713474,4.169775457701303,30.0,74.0
86.0,38.662285945598306,4.169775457701303,30.0,74.0
87.0,45.56164204014545,4.169775457701303,30.0,74.0
88.0,53.559800441985026,4.169775457701303,30.0,74.0
89.0,62.607020831112564,4.169775457701303,30.0,74.0
90.0,72.66450121690625,4.169775457701303,30.0,74.0
91.0,83.70362919437419,4.169775457701303,30.0,74.0
92.0,95.70367595053168,4.169775457701303,30.0,74.0
93.0,108.64961357988726,4.169775457701303,30.0,74.0
94.0,122.53044365240419,4.169775457701303,30.0,74.0
95.0,137.3380083662303,4.169775457701303,30.0,74.0
96.0,153.06616660882426,4.169775457701303,30.0,74.0
97.0,169.71022574110938,4.169775457701303,30.0,74.0
98.0,187.2665477191921,4.169775457701303,30.0,74.0
99.0,205.7322732967234,4.169775457701303,30.0,74.0
100.0,225.1051264977291,4.169775457701303,30.0,74.0
101.0,245.38327413850715,4.169775457701303,30.0,74.0
102.0,266.5652235319904,4.169775457701303,30.0,74.0
103.0,288.6497470078875,4.169775457701303,30.0,74.0
104.0,311.63582550851663,4.169775457701303,30.0,74.0
105.0,335.5226059279374,4.169775457701303,30.0,74.0
106.0,360.30936847577175,4.169775457701303,30.0,74.0
107.0,385.99550144064733,4.169775457701303,30.0,74.0
108.0,412.58048147781506,4.169775457701303,30.0,74.0
109.0,440.0638580654014,4.169775457701303,30.0,74.0
110.0,468.44524113854567,4.169775457701303,30.0,74.0
111.0,497.7242911695328,4.169775457701303,30.0,74.0
112.0,527.9007111477463,4.169775457701303,30.0,74.0
113.0,558.974240047901,4.169775457701303,30.0,74.0
114.0,590.9446474736194,4.169775457701303,30.0,74.0
115.0,623.8117292363096,4.169775457701303,30.0,74.0
116.0,657.5753036837089,4.169775457701303,30.0,74.0
117.0,692.2352086333964,4.169775457701303,30.0,74.0
118.0,727.7912987976598,4.169775457701303,30.0,74.0
119.0,764.2434436098732,4.169775457701303,30.0,74.0
120.0,801.5915253808693,4.169775457701303,30.0,74.0
121.0,839.8354377280139,4.169775457701303,30.0,74.0
122.0,878.9750842308105,4.169775457701303,30.0,74.0
123.0,919.01037727561,4.169775457701303,30.0,74.0
124.0,959.941237058925,4.169775457701303,30.0,74.0
125.0,1001.7675907243622,4.169775457701303,30.0,74.0
126.0,1044.4893716126037,4.169775457701303,30.0,74.0
127.0,1088.10651860742,4.169775457701303,30.0,74.0
128.0,1132.618975563578,4.169775457701303,30.0,74.0
129.0,1178.026690804844,4.169775457701303,30.0,74.0
130.0,1224.3296166821965,4.169775457701303,30.0,74.0
131.0,1271.5277091839307,4.169775457701303,30.0,74.0
132.0,1319.6209275906324,4.169775457701303,30.0,74.0
133.0,1368.6092341690676,4.169775457701303,30.0,74.0
134.0,1418.4925938999272,4.169775457701303,30.0,74.0
135.0,1469.2709742351055,4.169775457701303,30.0,74.0
136.0,1520.9443448808152,4.169775457701303,30.0,74.0
137.0,1573.512677603364,4.169775457701303,30.0,74.0
138.0,1626.9759460548585,4.169775457701303,30.0,74.0
139.0,1681.334125616472,4.169775457701303,30.0,74.0
140.0,1736.587193257232,4.169775457701303,30.0,74.0
141.0,1792.7351274065502,4.169775457701303,30.0,74.0
142.0,1849.7779078389492,4.169775457701303,30.0,74.0
143.0,1907.7155155696357,4.169775457701303,30.0,74.0
144.0,1966.5479327597407,4.169775457701303,30.0,74.0
145.0,2026.2751426301888,4.169775457701303,30.0,74.0
146.0,2086.8971293832906,4.169775457701303,30.0,74.0
147.0,2148.413878131252,4.169775457701303,30.0,74.0
148.0,2210.825374830901,4.169775457701303,30.0,74.0
149.0,2274.1316062239976,4.169775457701303,30.0,74.0
150.0,2338.332559782578,4.169775457701303,30.0,74.0
151.0,2403.4282236588438,4.169775457701303,30.0,74.0
152.0,2469.418586639153,4.169775457701303,30.0,74.0
153.0,2536.3036381017273,4.169775457701303,30.0,74.0
154.0,2604.0833679777256,4.169775457701303,30.0,74.0
155.0,2672.757766715375,4.169775457701303,30.0,74.0
156.0,2742.3268252468815,4.169775457701303,30.0,74.0
157.0,2812.7905349578673,4.169775457701303,30.0,74.0
158.0,2884.1488876591143,4.169775457701303,30.0,74.0
159.0,2956.40187556041,4.169775457701303,30.0,74.0
160.0,3029.549491246318,4.169775457701303,30.0,74.0
161.0,3103.591727653701,4.169775457701303,30.0,74.0
162.0,3178.5285780508593,4.169775457701303,30.0,74.0
163.0,3254.360036018142,4.169775457701303,30.0,74.0
164.0,3331.0860954299164,4.169775457701303,30.0,74.0
165.0,3408.7067504377774,4.169775457701303,30.0,74.0
166.0,3487.221995454908,4.169775457701303,30.0,74.0
167.0,3566.6318251414923,4.169775457701303,30.0,74.0
168.0,3646.936234391098,4.169775457701303,30.0,74.0
169.0,3728.1352183179606,4.169775457701303,30.0,74.0
170.0,3810.2287722450924,4.169775457701303,30.0,74.0
171.0,3893.2168916931587,4.169775457701303,30.0,74.0
172.0,3977.0995723700626,4.169775457701303,30.0,74.0
173.0,4061.8768101611854,4.169775457701303,30.0,74.0
174.0,4147.548601120236,4.169775457701303,30.0,74.0
175.0,4234.11494146066,4.169775457701303,30.0,74.0
176.0,4321.575827547583,4.169775457701303,30.0,74.0
177.0,4409.931255890228,4.169775457701303,30.0,74.0
178.0,4499.181223134796,4.169775457701303,30.0,74.0
179.0,4589.325726057756,4.169775457701303,30.0,74.0
180.0,4680.364761559541,4.169775457701303,30.0,74.0
181.0,4772.298326658601,4.169775457701303,30.0,74.0
182.0,4865.1264184857955,4.169775457701303,30.0,74.0
183.0,4958.849034279113,4.169775457701303,30.0,74.0
184.0,5053.466171378677,4.169775457701303,30.0,74.0
185.0,5148.977827222038,4.169775457701303,30.0,74.0
186.0,5245.383999339721,4.169775457701303,30.0,74.0
187.0,5342.684685351021,4.169775457701303,30.0,74.0
188.0,5440.879882960016,4.169775457701303,30.0,74.0
189.0,5539.969589951811,4.169775457701303,30.0,74.0
190.0,5639.95380418896,4.169775457701303,30.0,74.0
191.0,5740.832523608095,4.169775457701303,30.0,74.0
192.0,5842.605746216721,4.169775457701303,30.0,74.0
193.0,5945.273470090182,4.169775457701303,30.0,74.0
194.0,6048.835693368775,4.169775457701303,30.0,74.0
195.0,6153.292414255018,4.169775457701303,30.0,74.0
196.0,6258.643631011055,4.169775457701303,30.0,74.0
197.0,6364.889341956185,4.169775457701303,30.0,74.0
198.0,6472.029545464518,4.169775457701303,30.0,74.0
199.0,6580.0642399627495,4.169775457701303,30.0,74.0
200.0,6688.99342392803,4.169775457701303,30.0,74.0
201.0,6798.817095885955,4.169775457701303,30.0,74.0
202.0,6909.535254408635,4.169775457701303,30.0,74.0
203.0,7021.147898112872,4.169775457701303,30.0,74.0
204.0,7133.655025658408,4.169775457701303,30.0,74.0
205.0,7247.056635746266,4.169775457701303,30.0,74.0
206.0,7361.352727117161,4.169775457701303,30.0,74.0
207.0,7476.543298549987,4.169775457701303,30.0,74.0
208.0,7592.628348860378,4.169775457701303,30.0,74.0
209.0,7709.607876899318,4.169775457701303,30.0,74.0
210.0,7827.481881551837,4.169775457701303,30.0,74.0
211.0,7946.250361735743,4.169775457701303,30.0,74.0
212.0,8065.913316400424,4.169775457701303,30.0,74.0
213.0,8186.470744525697,4.169775457701303,30.0,74.0
214.0,8307.922645120709,4.169775457701303,30.0,74.0
215.0,8430.269017222883,4.169775457701303,30.0,74.0
216.0,8553.509859896914,4.169775457701303,30.0,74.0
217.0,8677.645172233802,4.169775457701303,30.0,74.0
218.0,8802.674953349931,4.169775457701303,30.0,74.0
219.0,8928.599202386184,4.169775457701303,30.0,74.0
220.0,9055.417918507093,4.169775457701303,30.0,74.0
221.0,9183.131100900033,4.169775457701303,30.0,74.0
222.0,9311.738748774433,4.169775457701303,30.0,74.0
223.0,9441.240861361039,4.169775457701303,30.0,74.0
224.0,9571.63743791119,4.169775457701303,30.0,74.0
225.0,9702.928477696132,4.169775457701303,30.0,74.0
226.0,9835.113980006361,4.169775457701303,30.0,74.0
227.0,9968.19394415098,4.169775457701303,30.0,74.0
228.0,10102.1683694571,4.169775457701303,30.0,74.0
229.0,10237.037255269248,4.169775457701303,30.0,74.0
230.0,10372.800600948804,4.169775457701303,30.0,74.0
231.0,10509.458405873464,4.169775457701303,30.0,74.0
232.0,10647.010669436719,4.169775457701303,30.0,74.0
233.0,10785.45739104735,4.169775457701303,30.0,74.0
234.0,10924.798570128956,4.169775457701303,30.0,74.0
235.0,11065.03420611948,4.169775457701303,30.0,74.0
236.0,11206.164298470774,4.169775457701303,30.0,74.0
237.0,11348.188846648158,4.169775457701303,30.0,74.0
238.0,11491.107850130016,4.169775457701303,30.0,74.0
239.0,11634.921308407398,4.169775457701303,30.0,74.0
240.0,11779.629220983628,4.169775457701303,30.0,74.0
241.0,11925.23158737394,4.169775457701303,30.0,241.0
242.0,17.260702291936177,4.169775457701303,30.0,241.0
243.0,17.762028428445447,4.169775457701303,30.0,241.0
244.0,18.414977228670327,4.169775457701303,30.0,241.0
245.0,19.043979654486087,4.169775457701303,30.0,241.0
246.0,19.6313002158021,4.169775457701303,30.0,241.0
247.0,20.284389767570445,4.169775457701303,30.0,241.0
248.0,21.210414332424136,4.169775457701303,30.0,241.0
249.0,22.68451534504515,4.169775457701303,30.0,241.0
250.0,24.994161592278363,4.169775457701303,30.0,241.0
251.0,28.366033522616647,4.169775457701303,30.0,241.0
252.0,32.91694583713474,4.169775457701303,30.0,241.0
253.0,38.662285945598306,4.169775457701303,30.0,241.0
254.0,45.56164204014545,4.169775457701303,30.0,241.0
255.0,53.559800441985026,4.169775457701303,30.0,241.0
256.0,62.607020831112564,4.169775457701303,30.0,241.0
257.0,72.66450121690625,4.169775457701303,30.0,241.0
258.0,83.70362919437419,4.169775457701303,30.0,241.0
259.0,95.70367595053168,4.169775457701303,30.0,241.0
260.0,108.64961357988726,4.169775457701303,30.0,241.0
261.0,122.53044365240419,4.169775457701303,30.0,241.0
262.0,137.3380083662303,4.169775457701303,30.0,241.0
263.0,153.06616660882426,4.169775457701303,30.0,241.0
264.0,169.71022574110938,4.169775457701303,30.0,241.0
265.0,187.2665477191921,4.169775457701303,30.0,241.0
266.0,205.7322732967234,4.169775457701303,30.0,241.0
267.0,225.1051264977291,4.169775457701303,30.0,241.0
268.0,245.38327413850715,4.169775457701303,30.0,241.0
269.0,266.5652235319904,4.169775457701303,30.0,241.0
270.0,288.6497470078875,4.169775457701303,30.0,241.0
271.0,311.63582550851663,4.169775457701303,30.0,241.0
272.0,335.5226059279374,4.169775457701303,30.0,241.0
273.0,360.30936847577175,4.169775457701303,30.0,241.0
274.0,385.99550144064733,4.169775457701303,30.0,241.0
275.0,412.58048147781506,4.169775457701303,30.0,241.0
276.0,440.0638580654014,4.169775457701303,30.0,241.0
277.0,468.44524113854567,4.169775457701303,30.0,241.0
278.0,497.7242911695328,4.169775457701303,30.0,241.0
279.0,527.9007111477463,4.169775457701303,30.0,241.0
280.0,558.974240047901,4.169775457701303,30.0,241.0
281.0,590.9446474736194,4.169775457701303,30.0,241.0
282.0,623.8117292363096,4.169775457701303,30.0,241.0
283.0,657.5753036837089,4.169775457701303,30.0,241.0
284.0,692.2352086333964,4.169775457701303,30.0,241.0
285.0,727.7912987976598,4.169775457701303,30.0,241.0
286.0,764.2434436098732,4.169775457701303,30.0,241.0
287.0,801.5915253808693,4.169775457701303,30.0,241.0
288.0,839.8354377280139,4.169775457701303,30.0,241.0
289.0,878.9750842308105,4.169775457701303,30.0,241.0
290.0,919.01037727561,4.169775457701303,30.0,241.0
291.0,959.941237058925,4.169775457701303,30.0,241.0
292.0,1001.7675907243622,4.169775457701303,30.0,241.0
293.0,1044.4893716126037,4.169775457701303,30.0,241.0
294.0,1088.10651860742,4.169775457701303,30.0,241.0
295.0,1132.618975563578,4.169775457701303,30.0,241.0
296.0,1178.026690804844,4.169775457701303,30.0,241.0
297.0,1224.3296166821965,4.169775457701303,30.0,241.0
298.0,1271.5277091839307,4.169775457701303,30.0,241.0
299.0,1319.6209275906324,4.169775457701303,30.0,241.0
300.0,1368.6092341690676,4.169775457701303,30.0,241.0
301.0,1418.4925938999272,4.169775457701303,30.0,241.0
302.0,1469.2709742351055,4.169775457701303,30.0,241.0
303.0,1520.9443448808152,4.169775457701303,30.0,241.0
304.0,1573.512677603364,4.169775457701303,30.0,241.0
305.0,1626.9759460548585,4.169775457701303,30.0,241.0
306.0,1681.334125616472,4.169775457701303,30.0,241.0
307.0,1736.587193257232,4.169775457701303,30.0,241.0
308.0,1792.7351274065502,4.169775457701303,30.0,241.0
309.0,1849.7779078389492,4.169775457701303,30.0,241.0
310.0,1907.7155155696357,4.169775457701303,30.0,241.0
311.0,1966.5479327597407,4.169775457701303,30.0,241.0
312.0,2026.2751426301888,4.169775457701303,30.0,241.0
313.0,2086.8971293832906,4.169775457701303,30.0,241.0
314.0,2148.413878131252,4.169775457701303,30.0,241.0
315.0,2210.825374830901,4.169775457701303,30.0,241.0
316.0,2274.1316062239976,4.169775457701303,30.0,241.0
317.0,2338.332559782578,4.169775457701303,30.0,241.0
318.0,2403.4282236588438,4.169775457701303,30.0,241.0
319.0,2469.418586639153,4.169775457701303,30.0,241.0
320.0,2536.3036381017273,4.169775457701303,30.0,241.0
321.0,2604.0833679777256,4.169775457701303,30.0,241.0
322.0,2672.757766715375,4.169775457701303,30.0,241.0
323.0,2742.3268252468815,4.169775457701303,30.0,241.0
324.0,2812.7905349578673,4.169775457701303,30.0,241.0
325.0,2884.1488876591143,4.169775457701303,30.0,241.0
326.0,2956.40187556041,4.169775457701303,30.0,241.0
327.0,3029.549491246318,4.169775457701303,30.0,241.0
328.0,3103.591727653701,4.169775457701303,30.0,241.0
329.0,3178.5285780508593,4.169775457701303,30.0,241.0
330.0,3254.360036018142,4.169775457701303,30.0,241.0
331.0,3331.0860954299164,4.169775457701303,30.0,241.0
332.0,3408.7067504377774,4.169775457701303,30.0,241.0
333.0,3487.221995454908,4.169775457701303,30.0,241.0
334.0,3566.6318251414923,4.169775457701303,30.0,241.0
335.0,3646.936234391098,4.169775457701303,30.0,241.0
336.0,3728.1352183179606,4.169775457701303,30.0,241.0
337.0,3810.2287722450924,4.169775457701303,30.0,241.0
338.0,3893.2168916931587,4.169775457701303,30.0,241.0
339.0,3977.0995723700626,4.169775457701303,30.0,241.0
340.0,4061.8768101611854,4.169775457701303,30.0,241.0
341.0,4147.548601120236,4.169775457701303,30.0,241.0
342.0,4234.11494146066,4.169775457701303,30.0,241.0
343.0,4321.575827547583,4.169775457701303,30.0,241.0
344.0,4409.931255890228,4.169775457701303,30.0,241.0
345.0,4499.181223134796,4.169775457701303,30.0,241.0
346.0,4589.325726057756,4.169775457701303,30.0,241.0
347.0,4680.364761559541,4.169775457701303,30.0,241.0
348.0,4772.298326658601,4.169775457701303,30.0,241.0
349.0,4865.1264184857955,4.169775457701303,30.0,241.0
350.0,4958.849034279113,4.169775457701303,30.0,241.0
351.0,5053.466171378677,4.169775457701303,30.0,241.0
352.0,5148.977827222038,4.169775457701303,30.0,241.0
353.0,5245.383999339721,4.169775457701303,30.0,241.0
354.0,5342.684685351021,4.169775457701303,30.0,241.0
355.0,5440.879882960016,4.169775457701303,30.0,241.0
356.0,5539.969589951811,4.169775457701303,30.0,241.0
357.0,5639.95380418896,4.169775457701303,30.0,241.0
358.0,5740.832523608095,4.169775457701303,30.0,241.0
359.0,5842.605746216721,4.169775457701303,30.0,359.0
360.0,17.260702291936177,4.169775457701303,30.0,359.0
361.0,17.762028428445447,4.169775457701303,30.0,359.0
362.0,18.414977228670327,4.169775457701303,30.0,359.0
363.0,19.043979654486087,4.169775457701303,30.0,359.0
364.0,19.6313002158021,4.169775457701303,30.0,359.0
365.0,20.284389767570445,4.169775457701303,30.0,359.0
366.0,21.210414332424136,4.169775457701303,30.0,359.0
367.0,22.68451534504515,4.169775457701303,30.0,359.0
368.0,24.994161592278363,4.169775457701303,30.0,359.0
369.0,28.366033522616647,4.169775457701303,30.0,359.0
370.0,32.91694583713474,4.169775457701303,30.0,359.0
371.0,38.662285945598306,4.169775457701303,30.0,359.0
372.0,45.56164204014545,4.169775457701303,30.0,359.0
373.0,53.559800441985026,4.169775457701303,30.0,359.0
374.0,62.607020831112564,4.169775457701303,30.0,359.0
375.0,72.66450121690625,4.169775457701303,30.0,359.0
376.0,83.70362919437419,4.169775457701303,30.0,359.0
377.0,95.70367595053168,4.169775457701303,30.0,359.0
378.0,108.64961357988726,4.169775457701303,30.0,359.0
379.0,122.53044365240419,4.169775457701303,30.0,359.0
380.0,137.3380083662303,4.169775457701303,30.0,359.0
381.0,153.06616660882426,4.169775457701303,30.0,359.0
382.0,169.71022574110938,4.169775457701303,30.0,359.0
383.0,187.2665477191921,4.169775457701303,30.0,359.0
384.0,205.7322732967234,4.169775457701303,30.0,359.0
385.0,225.1051264977291,4.169775457701303,30.0,359.0
386.0,245.38327413850715,4.169775457701303,30.0,359.0
387.0,266.5652235319904,4.169775457701303,30.0,359.0
388.0,288.6497470078875,4.169775457701303,30.0,359.0
389.0,311.63582550851663,4.169775457701303,30.0,359.0
390.0,335.5226059279374,4.169775457701303,30.0,359.0
391.0,360.30936847577175,4.169775457701303,30.0,359.0
392.0,385.99550144064733,4.169775457701303,30.0,359.0
393.0,412.58048147781506,4.169775457701303,30.0,359.0
394.0,440.0638580654014,4.169775457701303,30.0,359.0
395.0,468.44524113854567,4.169775457701303,30.0,359.0
396.0,497.7242911695328,4.169775457701303,30.0,359.0
397.0,527.9007111477463,4.169775457701303,30.0,359.0
398.0,558.974240047901,4.169775457701303,30.0,359.0
399.0,590.9446474736194,4.169775457701303,30.0,359.0
400.0,623.8117292363096,4.169775457701303,30.0,359.0
401.0,657.5753036837089,4.169775457701303,30.0,359.0
402.0,692.2352086333964,4.169775457701303,30.0,359.0
403.0,727.7912987976598,4.169775457701303,30.0,359.0
404.0,764.2434436098732,4.169775457701303,30.0,359.0
405.0,801.5915253808693,4.169775457701303,30.0,359.0
406.0,839.8354377280139,4.169775457701303,30.0,359.0
407.0,878.9750842308105,4.169775457701303,30.0,359.0
408.0,919.01037727561,4.169775457701303,30.0,359.0
409.0,959.941237058925,4.169775457701303,30.0,359.0
410.0,1001.7675907243622,4.169775457701303,30.0,359.0
411.0,1044.4893716126037,4.169775457701303,30.0,359.0
412.0,1088.10651860742,4.169775457701303,30.0,359.0
413.0,1132.618975563578,4.169775457701303,30.0,359.0
414.0,1178.026690804844,4.169775457701303,30.0,359.0
415.0,1224.3296166821965,4.169775457701303,30.0,359.0
416.0,1271.5277091839307,4.169775457701303,30.0,359.0
417.0,1319.6209275906324,4.169775457701303,30.0,359.0
418.0,1368.6092341690676,4.169775457701303,30.0,359.0
419.0,1418.4925938999272,4.169775457701303,30.0,359.0
420.0,1469.2709742351055,4.169775457701303,30.0,359.0
421.0,1520.9443448808152,4.169775457701303,30.0,359.0
422.0,1573.512677603364,4.169775457701303,30.0,359.0
423.0,1626.9759460548585,4.169775457701303,30.0,359.0
424.0,1681.334125616472,4.169775457701303,30.0,359.0
425.0,1736.587193257232,4.169775457701303,30.0,359.0
426.0,1792.7351274065502,4.169775457701303,30.0,359.0
427.0,1849.7779078389492,4.169775457701303,30.0,359.0
428.0,1907.7155155696357,4.169775457701303,30.0,359.0
429.0,1966.5479327597407,4.169775457701303,30.0,359.0
430.0,2026.2751426301888,4.169775457701303,30.0,359.0
431.0,2086.8971293832906,4.169775457701303,30.0,359.0
432.0,2148.413878131252,4.169775457701303,30.0,359.0
433.0,2210.825374830901,4.169775457701303,30.0,359.0
434.0,2274.1316062239976,4.169775457701303,30.0,359.0
435.0,2338.332559782578,4.169775457701303,30.0,359.0
436.0,2403.4282236588438,4.169775457701303,30.0,359.0
437.0,2469.418586639153,4.169775457701303,30.0,359.0
438.0,2536.3036381017273,4.169775457701303,30.0,359.0
439.0,2604.0833679777256,4.169775457701303,30.0,359.0
440.0,2672.757766715375,4.169775457701303,30.0,359.0
441.0,2742.3268252468815,4.169775457701303,30.0,359.0
442.0,2812.7905349578673,4.169775457701303,30.0,359.0
443.0,2884.1488876591143,4.169775457701303,30.0,359.0
444.0,2956.40187556041,4.169775457701303,30.0,359.0
445.0,3029.549491246318,4.169775457701303,30.0,359.0
446.0,3103.591727653701,4.169775457701303,30.0,359.0
447.0,3178.5285780508593,4.169775457701303,30.0,359.0
448.0,3254.360036018142,4.169775457701303,30.0,359.0
449.0,3331.0860954299164,4.169775457701303,30.0,359.0
450.0,3408.7067504377774,4.169775457701303,30.0,359.0
451.0,3487.221995454908,4.169775457701303,30.0,359.0
452.0,3566.6318251414923,4.169775457701303,30.0,359.0
453.0,3646.936234391098,4.169775457701303,30.0,359.0
454.0,3728.1352183179606,4.169775457701303,30.0,359.0
455.0,3810.2287722450924,4.169775457701303,30.0,359.0
456.0,3893.2168916931587,4.169775457701303,30.0,359.0
457.0,3977.0995723700626,4.169775457701303,30.0,359.0
458.0,4061.8768101611854,4.169775457701303,30.0,359.0
459.0,4147.548601120236,4.169775457701303,30.0,359.0
460.0,4234.11494146066,4.169775457701303,30.0,359.0
461.0,4321.575827547583,4.169775457701303,30.0,359.0
462.0,4409.931255890228,4.169775457701303,30.0,359.0
463.0,4499.181223134796,4.169775457701303,30.0,359.0
464.0,4589.325726057756,4.169775457701303,30.0,359.0
465.0,4680.364761559541,4.169775457701303,30.0,359.0
466.0,4772.298326658601,4.169775457701303,30.0,359.0
467.0,4865.1264184857955,4.169775457701303,30.0,359.0
468.0,4958.849034279113,4.169775457701303,30.0,359.0
469.0,5053.466171378677,4.169775457701303,30.0,359.0
470.0,5148.977827222038,4.169775457701303,30.0,359.0
471.0,5245.383999339721,4.169775457701303,30.0,359.0
472.0,5342.684685351021,4.169775457701303,30.0,359.0
473.0,5440.879882960016,4.169775457701303,30.0,359.0
474.0,5539.969589951811,4.169775457701303,30.0,359.0
475.0,5639.95380418896,4.169775457701303,30.0,359.0
476.0,5740.832523608095,4.169775457701303,30.0,359.0
477.0,5842.605746216721,4.169775457701303,30.0,359.0
478.0,5945.273470090182,4.169775457701303,30.0,359.0
479.0,6048.835693368775,4.169775457701303,30.0,359.0
480.0,6153.292414255018,4.169775457701303,30.0,359.0
481.0,6258.643631011055,4.169775457701303,30.0,359.0
482.0,6364.889341956185,4.169775457701303,30.0,359.0
483.0,6472.029545464518,4.169775457701303,30.0,359.0
484.0,6580.0642399627495,4.169775457701303,30.0,359.0
485.0,6688.99342392803,4.169775457701303,30.0,359.0
486.0,6798.817095885955,4.169775457701303,30.0,359.0
487.0,6909.535254408635,4.169775457701303,30.0,359.0
488.0,7021.147898112872,4.169775457701303,30.0,359.0
489.0,7133.655025658408,4.169775457701303,30.0,359.0
490.0,7247.056635746266,4.169775457701303,30.0,359.0
491.0,7361.352727117161,4.169775457701303,30.0,359.0
492.0,7476.543298549987,4.169775457701303,30.0,359.0
493.0,7592.628348860378,4.169775457701303,30.0,359.0
494.0,7709.607876899318,4.169775457701303,30.0,359.0
495.0,7827.481881551837,4.169775457701303,30.0,359.0
496.0,7946.250361735743,4.169775457701303,30.0,359.0
497.0,8065.913316400424,4.169775457701303,30.0,359.0
498.0,8186.470744525697,4.169775457701303,30.0,359.0
499.0,8307.922645120709,4.169775457701303,30.0,359.0
500.0,8430.269017222883,4.169775457701303,30.0,359.0
501.0,8553.509859896914,4.169775457701303,30.0,359.0
502.0,8677.645172233802,4.169775457701303,30.0,359.0
503.0,8802.674953349931,4.169775457701303,30.0,359.0
504.0,8928.599202386184,4.169775457701303,30.0,359.0
505.0,9055.417918507093,4.169775457701303,30.0,359.0
506.0,9183.131100900033,4.169775457701303,30.0,359.0
507.0,9311.738748774433,4.169775457701303,30.0,359.0
508.0,9441.240861361039,4.169775457701303,30.0,359.0
509.0,9571.63743791119,4.169775457701303,30.0,359.0
510.0,9702.928477696132,4.169775457701303,30.0,359.0
511.0,9835.113980006361,4.169775457701303,30.0,359.0
512.0,9968.19394415098,4.169775457701303,30.0,359.0
513.0,10102.1683694571,4.169775457701303,30.0,359.0
514.0,10237.037255269248,4.169775457701303,30.0,359.0
515.0,10372.800600948804,4.169775457701303,30.0,359.0
516.0,10509.458405873464,4.169775457701303,30.0,359.0
517.0,10647.010669436719,4.169775457701303,30.0,359.0
518.0,10785.45739104735,4.169775457701303,30.0,359.0
519.0,10924.798570128956,4.169775457701303,30.0,359.0
520.0,11065.03420611948,4.169775457701303,30.0,359.0
521.0,11206.164298470774,4.169775457701303,30.0,359.0
522.0,11348.188846648158,4.169775457701303,30.0,359.0
523.0,11491.107850130016,4.169775457701303,30.0,359.0
524.0,11634.921308407398,4.169775457701303,30.0,359.0
525.0,11779.629220983628,4.169775457701303,30.0,525.0
526.0,17.260702291936177,4.169775457701303,30.0,525.0
527.0,17.762028428445447,4.169775457701303,30.0,525.0
528.0,18.414977228670327,4.169775457701303,30.0,525.0
529.0,19.043979654486087,4.169775457701303,30.0,525.0
530.0,19.6313002158021,4.169775457701303,30.0,525.0
531.0,20.284389767570445,4.169775457701303,30.0,525.0
532.0,21.210414332424136,4.169775457701303,30.0,525.0
533.0,22.68451534504515,4.169775457701303,30.0,525.0
534.0,24.994161592278363,4.169775457701303,30.0,525.0
535.0,28.366033522616647,4.169775457701303,30.0,525.0
536.0,32.91694583713474,4.169775457701303,30.0,525.0
537.0,38.662285945598306,4.169775457701303,30.0,525.0
538.0,45.56164204014545,4.169775457701303,30.0,525.0
539.0,53.559800441985026,4.169775457701303,30.0,525.0
540.0,62.607020831112564,4.169775457701303,30.0,525.0
541.0,72.66450121690625,4.169775457701303,30.0,525.0
542.0,83.70362919437419,4.169775457701303,30.0,525.0
543.0,95.70367595053168,4.169775457701303,30.0,525.0
544.0,108.64961357988726,4.169775457701303,30.0,525.0
545.0,122.53044365240419,4.169775457701303,30.0,525.0
546.0,137.3380083662303,4.169775457701303,30.0,525.0
547.0,153.06616660882426,4.169775457701303,30.0,525.0
548.0,169.71022574110938,4.169775457701303,30.0,525.0
549.0,187.2665477191921,4.169775457701303,30.0,525.0
550.0,205.7322732967234,4.169775457701303,30.0,525.0
551.0,225.1051264977291,4.169775457701303,30.0,525.0
552.0,245.38327413850715,4.169775457701303,30.0,525.0
553.0,266.5652235319904,4.169775457701303,30.0,525.0
554.0,288.6497470078875,4.169775457701303,30.0,525.0
555.0,311.63582550851663,4.169775457701303,30.0,525.0
556.0,335.5226059279374,4.169775457701303,30.0,525.0
557.0,360.30936847577175,4.169775457701303,30.0,525.0
558.0,385.99550144064733,4.169775457701303,30.0,525.0
559.0,412.58048147781506,4.169775457701303,30.0,525.0
560.0,440.0638580654014,4.169775457701303,30.0,525.0
561.0,468.44524113854567,4.169775457701303,30.0,525.0
562.0,497.7242911695328,4.169775457701303,30.0,525.0
563.0,527.9007111477463,4.169775457701303,30.0,525.0
564.0,558.974240047901,4.169775457701303,30.0,525.0
565.0,590.9446474736194,4.169775457701303,30.0,525.0
566.0,623.8117292363096,4.169775457701303,30.0,525.0
567.0,657.5753036837089,4.169775457701303,30.0,525.0
568.0,692.2352086333964,4.169775457701303,30.0,525.0
569.0,727.7912987976598,4.169775457701303,30.0,525.0
570.0,764.2434436098732,4.169775457701303,30.0,525.0
571.0,801.5915253808693,4.169775457701303,30.0,525.0
572.0,839.8354377280139,4.169775457701303,30.0,525.0
573.0,878.9750842308105,4.169775457701303,30.0,525.0
574.0,919.01037727561,4.169775457701303,30.0,525.0
575.0,959.941237058925,4.169775457701303,30.0,525.0
576.0,1001.7675907243622,4.169775457701303,30.0,525.0
577.0,1044.4893716126037,4.169775457701303,30.0,525.0
578.0,1088.10651860742,4.169775457701303,30.0,525.0
579.0,1132.618975563578,4.169775457701303,30.0,525.0
580.0,1178.026690804844,4.169775457701303,30.0,525.0
581.0,1224.3296166821965,4.169775457701303,30.0,525.0
582.0,1271.5277091839307,4.169775457701303,30.0,525.0
583.0,1319.6209275906324,4.169775457701303,30.0,525.0
584.0,1368.6092341690676,4.169775457701303,30.0,525.0
585.0,1418.4925938999272,4.169775457701303,30.0,525.0
586.0,1469.2709742351055,4.169775457701303,30.0,525.0
587.0,1520.9443448808152,4.169775457701303,30.0,525.0
588.0,1573.512677603364,4.169775457701303,30.0,525.0
589.0,1626.9759460548585,4.169775457701303,30.0,525.0
590.0,1681.334125616472,4.169775457701303,30.0,525.0
591.0,1736.587193257232,4.169775457701303,30.0,525.0
592.0,1792.7351274065502,4.169775457701303,30.0,525.0
593.0,1849.7779078389492,4.169775457701303,30.0,525.0
594.0,1907.7155155696357,4.169775457701303,30.0,525.0
595.0,1966.5479327597407,4.169775457701303,30.0,525.0
596.0,2026.2751426301888,4.169775457701303,30.0,525.0
597.0,2086.8971293832906,4.169775457701303,30.0,525.0
598.0,2148.413878131252,4.169775457701303,30.0,525.0
599.0,2210.825374830901,4.169775457701303,30.0,525.0
600.0,2274.1316062239976,4.169775457701303,30.0,525.0
601.0,2338.332559782578,4.169775457701303,30.0,525.0
602.0,2403.4282236588438,4.169775457701303,30.0,525.0
603.0,2469.418586639153,4.169775457701303,30.0,525.0
604.0,2536.3036381017273,4.169775457701303,30.0,525.0
605.0,2604.0833679777256,4.169775457701303,30.0,525.0
606.0,2672.757766715375,4.169775457701303,30.0,525.0
607.0,2742.3268252468815,4.169775457701303,30.0,525.0
608.0,2812.7905349578673,4.169775457701303,30.0,525.0
609.0,2884.1488876591143,4.169775457701303,30.0,525.0
610.0,2956.40187556041,4.169775457701303,30.0,525.0
611.0,3029.549491246318,4.169775457701303,30.0,525.0
612.0,3103.591727653701,4.169775457701303,30.0,525.0
613.0,3178.5285780508593,4.169775457701303,30.0,525.0
614.0,3254.360036018142,4.169775457701303,30.0,525.0
615.0,3331.0860954299164,4.169775457701303,30.0,525.0
616.0,3408.7067504377774,4.169775457701303,30.0,525.0
617.0,3487.221995454908,4.169775457701303,30.0,525.0
618.0,3566.6318251414923,4.169775457701303,30.0,525.0
619.0,3646.936234391098,4.169775457701303,30.0,525.0
620.0,3728.1352183179606,4.169775457701303,30.0,525.0
621.0,3810.2287722450924,4.169775457701303,30.0,525.0
622.0,3893.2168916931587,4.169775457701303,30.0,525.0
623.0,3977.0995723700626,4.169775457701303,30.0,525.0
624.0,4061.8768101611854,4.169775457701303,30.0,525.0
625.0,4147.548601120236,4.169775457701303,30.0,525.0
626.0,4234.11494146066,4.169775457701303,30.0,525.0
627.0,4321.575827547583,4.169775457701303,30.0,525.0
628.0,4409.931255890228,4.169775457701303,30.0,525.0
629.0,4499.181223134796,4.169775457701303,30.0,525.0
630.0,4589.325726057756,4.169775457701303,30.0,525.0
631.0,4680.364761559541,4.169775457701303,30.0,525.0
632.0,4772.298326658601,4.169775457701303,30.0,525.0
633.0,4865.1264184857955,4.169775457701303,30.0,525.0
634.0,4958.849034279113,4.169775457701303,30.0,525.0
635.0,5053.466171378677,4.169775457701303,30.0,525.0
636.0,5148.977827222038,4.169775457701303,30.0,525.0
637.0,5245.383999339721,4.169775457701303,30.0,525.0
638.0,5342.684685351021,4.169775457701303,30.0,525.0
639.0,5440.879882960016,4.169775457701303,30.0,525.0
640.0,5539.969589951811,4.169775457701303,30.0,525.0
641.0,5639.95380418896,4.169775457701303,30.0,525.0
642.0,5740.832523608095,4.169775457701303,30.0,525.0
643.0,5842.605746216721,4.169775457701303,30.0,525.0
644.0,5945.273470090182,4.169775457701303,30.0,525.0
645.0,6048.835693368775,4.169775457701303,30.0,525.0
646.0,6153.292414255018,4.169775457701303,30.0,525.0
647.0,6258.643631011055,4.169775457701303,30.0,525.0
648.0,6364.889341956185,4.169775457701303,30.0,525.0
649.0,6472.029545464518,4.169775457701303,30.0,525.0
650.0,6580.0642399627495,4.169775457701303,30.0,525.0
651.0,6688.99342392803,4.169775457701303,30.0,525.0
652.0,6798.817095885955,4.169775457701303,30.0,525.0
653.0,6909.535254408635,4.169775457701303,30.0,525.0
654.0,7021.147898112872,4.169775457701303,30.0,525.0
655.0,7133.655025658408,4.169775457701303,30.0,525.0
656.0,7247.056635746266,4.169775457701303,30.0,525.0
657.0,7361.352727117161,4.169775457701303,30.0,525.0
658.0,7476.543298549987,4.169775457701303,30.0,525.0
659.0,7592.628348860378,4.169775457701303,30.0,525.0
660.0,7709.607876899318,4.169775457701303,30.0,525.0
661.0,7827.481881551837,4.169775457701303,30.0,525.0
662.0,7946.250361735743,4.169775457701303,30.0,525.0
663.0,8065.913316400424,4.169775457701303,30.0,525.0
664.0,8186.470744525697,4.169775457701303,30.0,525.0
665.0,8307.922645120709,4.169775457701303,30.0,525.0
666.0,8430.269017222883,4.169775457701303,30.0,525.0
667.0,8553.509859896914,4.169775457701303,30.0,525.0
668.0,8677.645172233802,4.169775457701303,30.0,668.0
669.0,17.260702291936177,4.169775457701303,30.0,668.0
670.0,17.762028428445447,4.169775457701303,30.0,668.0
671.0,18.414977228670327,4.169775457701303,30.0,668.0
672.0,19.043979654486087,4.169775457701303,30.0,668.0
673.0,19.6313002158021,4.169775457701303,30.0,668.0
674.0,20.284389767570445,4.169775457701303,30.0,668.0
675.0,21.210414332424136,4.169775457701303,30.0,668.0
676.0,22.68451534504515,4.169775457701303,30.0,668.0
677.0,24.994161592278363,4.169775457701303,30.0,668.0
678.0,28.366033522616647,4.169775457701303,30.0,668.0
679.0,32.91694583713474,4.169775457701303,30.0,668.0
680.0,38.662285945598306,4.169775457701303,30.0,668.0
681.0,45.56164204014545,4.169775457701303,30.0,668.0
682.0,53.559800441985026,4.169775457701303,30.0,668.0
683.0,62.607020831112564,4.169775457701303,30.0,668.0
684.0,72.66450121690625,4.169775457701303,30.0,668.0
685.0,83.70362919437419,4.169775457701303,30.0,668.0
686.0,95.70367595053168,4.169775457701303,30.0,668.0
687.0,108.64961357988726,4.169775457701303,30.0,668.0
688.0,122.53044365240419,4.169775457701303,30.0,668.0
689.0,137.3380083662303,4.169775457701303,30.0,668.0
690.0,153.06616660882426,4.169775457701303,30.0,668.0
691.0,169.71022574110938,4.169775457701303,30.0,668.0
692.0,187.2665477191921,4.169775457701303,30.0,668.0
693.0,205.7322732967234,4.169775457701303,30.0,668.0
694.0,225.1051264977291,4.169775457701303,30.0,668.0
695.0,245.38327413850715,4.169775457701303,30.0,668.0
696.0,266.5652235319904,4.169775457701303,30.0,668.0
697.0,288.6497470078875,4.169775457701303,30.0,668.0
698.0,311.63582550851663,4.169775457701303,30.0,668.0
699.0,335.5226059279374,4.169775457701303,30.0,668.0
700.0,360.30936847577175,4.169775457701303,30.0,668.0
701.0,385.99550144064733,4.169775457701303,30.0,668.0
702.0,412.58048147781506,4.169775457701303,30.0,668.0
703.0,440.0638580654014,4.169775457701303,30.0,668.0
704.0,468.44524113854567,4.169775457701303,30.0,668.0
705.0,497.7242911695328,4.169775457701303,30.0,668.0
706.0,527.9007111477463,4.169775457701303,30.0,668.0
707.0,558.974240047901,4.169775457701303,30.0,668.0
708.0,590.9446474736194,4.169775457701303,30.0,668.0
709.0,623.8117292363096,4.169775457701303,30.0,668.0
710.0,657.5753036837089,4.169775457701303,30.0,668.0
711.0,692.2352086333964,4.169775457701303,30.0,668.0
712.0,727.7912987976598,4.169775457701303,30.0,668.0
713.0,764.2434436098732,4.169775457701303,30.0,668.0
714.0,801.5915253808693,4.169775457701303,30.0,668.0
715.0,839.8354377280139,4.169775457701303,30.0,668.0
716.0,878.9750842308105,4.169775457701303,30.0,668.0
717.0,919.01037727561,4.169775457701303,30.0,668.0
718.0,959.941237058925,4.169775457701303,30.0,668.0
719.0,1001.7675907243622,4.169775457701303,30.0,668.0
720.0,1044.4893716126037,4.169775457701303,30.0,668.0
721.0,1088.10651860742,4.169775457701303,30.0,668.0
722.0,1132.618975563578,4.169775457701303,30.0,668.0
723.0,1178.026690804844,4.169775457701303,30.0,668.0
724.0,1224.3296166821965,4.169775457701303,30.0,668.0
725.0,1271.5277091839307,4.169775457701303,30.0,668.0
726.0,1319.6209275906324,4.169775457701303,30.0,668.0
727.0,1368.6092341690676,4.169775457701303,30.0,668.0
728.0,1418.4925938999272,4.169775457701303,30.0,668.0
729.0,1469.2709742351055,4.169775457701303,30.0,668.0
730.0,1520.9443448808152,4.169775457701303,30.0,668.0
731.0,1573.512677603364,4.169775457701303,30.0,668.0
732.0,1626.9759460548585,4.169775457701303,30.0,668.0
733.0,1681.334125616472,4.169775457701303,30.0,668.0
734.0,1736.587193257232,4.169775457701303,30.0,668.0
735.0,1792.7351274065502,4.169775457701303,30.0,668.0
736.0,1849.7779078389492,4.169775457701303,30.0,668.0
737.0,1907.7155155696357,4.169775457701303,30.0,668.0
738.0,1966.5479327597407,4.169775457701303,30.0,668.0
739.0,2026.2751426301888,4.169775457701303,30.0,668.0
740.0,2086.8971293832906,4.169775457701303,30.0,668.0
741.0,2148.413878131252,4.169775457701303,30.0,668.0
742.0,2210.825374830901,4.169775457701303,30.0,668.0
743.0,2274.1316062239976,4.169775457701303,30.0,668.0
744.0,2338.332559782578,4.169775457701303,30.0,668.0
745.0,2403.4282236588438,4.169775457701303,30.0,668.0
746.0,2469.418586639153,4.169775457701303,30.0,668.0
747.0,2536.3036381017273,4.169775457701303,30.0,668.0
748.0,2604.0833679777256,4.169775457701303,30.0,668.0
749.0,2672.757766715375,4.169775457701303,30.0,668.0
750.0,2742.3268252468815,4.169775457701303,30.0,668.0
751.0,2812.7905349578673,4.169775457701303,30.0,668.0
752.0,2884.1488876591143,4.169775457701303,30.0,668.0
753.0,2956.40187556041,4.169775457701303,30.0,668.0
754.0,3029.549491246318,4.169775457701303,30.0,668.0
755.0,3103.591727653701,4.169775457701303,30.0,668.0
756.0,3178.5285780508593,4.169775457701303,30.0,668.0
757.0,3254.360036018142,4.169775457701303,30.0,668.0
758.0,3331.0860954299164,4.169775457701303,30.0,668.0
759.0,3408.7067504377774,4.169775457701303,30.0,668.0
760.0,3487.221995454908,4.169775457701303,30.0,668.0
761.0,3566.6318251414923,4.169775457701303,30.0,668.0
762.0,3646.936234391098,4.169775457701303,30.0,668.0
763.0,3728.1352183179606,4.169775457701303,30.0,668.0
764.0,3810.2287722450924,4.169775457701303,30.0,668.0
765.0,3893.2168916931587,4.169775457701303,30.0,668.0
766.0,3977.0995723700626,4.169775457701303,30.0,668.0
767.0,4061.8768101611854,4.169775457701303,30.0,668.0
768.0,4147.548601120236,4.169775457701303,30.0,668.0
769.0,4234.11494146066,4.169775457701303,30.0,668.0
770.0,4321.575827547583,4.169775457701303,30.0,668.0
771.0,4409.931255890228,4.169775457701303,30.0,668.0
772.0,4499.181223134796,4.169775457701303,30.0,668.0
773.0,4589.325726057756,4.169775457701303,30.0,668.0
774.0,4680.364761559541,4.169775457701303,30.0,668.0
775.0,4772.298326658601,4.169775457701303,30.0,668.0
776.0,4865.1264184857955,4.169775457701303,30.0,668.0
777.0,4958.849034279113,4.169775457701303,30.0,668.0
778.0,5053.466171378677,4.169775457701303,30.0,668.0
779.0,5148.977827222038,4.169775457701303,30.0,668.0
780.0,5245.383999339721,4.169775457701303,30.0,668.0
781.0,5342.684685351021,4.169775457701303,30.0,668.0
782.0,5440.879882960016,4.169775457701303,30.0,668.0
783.0,5539.969589951811,4.169775457701303,30.0,668.0
784.0,5639.95380418896,4.169775457701303,30.0,668.0
785.0,5740.832523608095,4.169775457701303,30.0,668.0
786.0,5842.605746216721,4.169775457701303,30.0,668.0
787.0,5945.273470090182,4.169775457701303,30.0,668.0
788.0,6048.835693368775,4.169775457701303,30.0,668.0
789.0,6153.292414255018,4.169775457701303,30.0,668.0
790.0,6258.643631011055,4.169775457701303,30.0,668.0
791.0,6364.889341956185,4.169775457701303,30.0,668.0
792.0,6472.029545464518,4.169775457701303,30.0,668.0
793.0,6580.0642399627495,4.169775457701303,30.0,668.0
794.0,6688.99342392803,4.169775457701303,30.0,668.0
795.0,6798.817095885955,4.169775457701303,30.0,668.0
796.0,6909.535254408635,4.169775457701303,30.0,668.0
797.0,7021.147898112872,4.169775457701303,30.0,668.0
798.0,7133.655025658408,4.169775457701303,30.0,668.0
799.0,7247.056635746266,4.169775457701303,30.0,668.0
800.0,7361.352727117161,4.169775457701303,30.0,668.0
801.0,7476.543298549987,4.169775457701303,30.0,668.0
802.0,7592.628348860378,4.169775457701303,30.0,668.0
803.0,7709.607876899318,4.169775457701303,30.0,668.0
804.0,7827.481881551837,4.169775457701303,30.0,668.0
805.0,7946.250361735743,4.169775457701303,30.0,668.0
806.0,8065.913316400424,4.169775457701303,30.0,668.0
807.0,8186.470744525697,4.169775457701303,30.0,668.0
808.0,8307.922645120709,4.169775457701303,30.0,668.0
809.0,8430.269017222883,4.169775457701303,30.0,668.0
810.0,8553.509859896914,4.169775457701303,30.0,668.0
811.0,8677.645172233802,4.169775457701303,30.0,668.0
812.0,8802.674953349931,4.169775457701303,30.0,668.0
813.0,8928.599202386184,4.169775457701303,30.0,668.0
814.0,9055.417918507093,4.169775457701303,30.0,668.0
815.0,9183.131100900033,4.169775457701303,30.0,668.0
816.0,9311.738748774433,4.169775457701303,30.0,668.0
817.0,9441.240861361039,4.169775457701303,30.0,668.0
818.0,9571.63743791119,4.169775457701303,30.0,668.0
819.0,9702.928477696132,4.169775457701303,30.0,668.0
820.0,9835.113980006361,4.169775457701303,30.0,668.0
821.0,9968.19394415098,4.169775457701303,30.0,668.0
822.0,10102.1683694571,4.169775457701303,30.0,668.0
823.0,10237.037255269248,4.169775457701303,30.0,668.0
824.0,10372.800600948804,4.169775457701303,30.0,668.0
825.0,10509.458405873464,4.169775457701303,30.0,668.0
826.0,10647.010669436719,4.169775457701303,30.0,668.0
827.0,10785.45739104735,4.169775457701303,30.0,668.0
828.0,10924.798570128956,4.169775457701303,30.0,668.0
829.0,11065.03420611948,4.169775457701303,30.0,668.0
830.0,11206.164298470774,4.169775457701303,30.0,668.0
831.0,11348.188846648158,4.169775457701303,30.0,668.0
832.0,11491.107850130016,4.169775457701303,30.0,668.0
833.0,11634.921308407398,4.169775457701303,30.0,668.0
834.0,11779.629220983628,4.169775457701303,30.0,668.0
835.0,11925.23158737394,4.169775457701303,30.0,668.0
836.0,12071.728407105125,4.169775457701303,30.0,668.0
837.0,12219.119679715179,4.169775457701303,30.0,668.0
838.0,12367.405404752977,4.169775457701303,30.0,668.0
839.0,12516.585581777956,4.169775457701303,30.0,668.0
840.0,12666.660210359796,4.169775457701303,30.0,668.0
841.0,12817.629290078135,4.169775457701303,30.0,668.0
842.0,12969.492820522273,4.169775457701303,30.0,668.0
843.0,13122.250801290898,4.169775457701303,30.0,668.0
844.0,13275.903231991819,4.169775457701303,30.0,668.0
845.0,13430.450112241704,4.169775457701303,30.0,668.0
846.0,13585.891441665835,4.169775457701303,30.0,668.0
847.0,13742.227219897863,4.169775457701303,30.0,668.0
848.0,13899.45744657957,4.169775457701303,30.0,668.0
849.0,14057.58212136066,4.169775457701303,30.0,849.0
850.0,17.260702291936177,4.169775457701303,30.0,849.0
851.0,17.762028428445447,4.169775457701303,30.0,849.0
852.0,18.414977228670327,4.169775457701303,30.0,849.0
853.0,19.043979654486087,4.169775457701303,30.0,849.0
854.0,19.6313002158021,4.169775457701303,30.0,849.0
855.0,20.284389767570445,4.169775457701303,30.0,849.0
856.0,21.210414332424136,4.169775457701303,30.0,849.0
857.0,22.68451534504515,4.169775457701303,30.0,849.0
858.0,24.994161592278363,4.169775457701303,30.0,849.0
859.0,28.366033522616647,4.169775457701303,30.0,849.0
860.0,32.91694583713474,4.169775457701303,30.0,849.0
861.0,38.662285945598306,4.169775457701303,30.0,849.0
862.0,45.56164204014545,4.169775457701303,30.0,849.0
863.0,53.559800441985026,4.169775457701303,30.0,849.0
864.0,62.607020831112564,4.169775457701303,30.0,849.0
865.0,72.66450121690625,4.169775457701303,30.0,849.0
866.0,83.70362919437419,4.169775457701303,30.0,849.0
867.0,95.70367595053168,4.169775457701303,30.0,849.0
868.0,108.64961357988726,4.169775457701303,30.0,849.0
869.0,122.53044365240419,4.169775457701303,30.0,849.0
870.0,137.3380083662303,4.169775457701303,30.0,849.0
871.0,153.06616660882426,4.169775457701303,30.0,849.0
872.0,169.71022574110938,4.169775457701303,30.0,849.0
873.0,187.2665477191921,4.169775457701303,30.0,849.0
874.0,205.7322732967234,4.169775457701303,30.0,849.0
875.0,225.1051264977291,4.169775457701303,30.0,849.0
876.0,245.38327413850715,4.169775457701303,30.0,849.0
877.0,266.5652235319904,4.169775457701303,30.0,849.0
878.0,288.6497470078875,4.169775457701303,30.0,849.0
879.0,311.63582550851663,4.169775457701303,30.0,849.0
880.0,335.5226059279374,4.169775457701303,30.0,849.0
881.0,360.30936847577175,4.169775457701303,30.0,849.0
882.0,385.99550144064733,4.169775457701303,30.0,849.0
883.0,412.58048147781506,4.169775457701303,30.0,849.0
884.0,440.0638580654014,4.169775457701303,30.0,849.0
885.0,468.44524113854567,4.169775457701303,30.0,849.0
886.0,497.7242911695328,4.169775457701303,30.0,849.0
887.0,527.9007111477463,4.169775457701303,30.0,849.0
888.0,558.974240047901,4.169775457701303,30.0,849.0
889.0,590.9446474736194,4.169775457701303,30.0,849.0
890.0,623.8117292363096,4.169775457701303,30.0,849.0
891.0,657.5753036837089,4.169775457701303,30.0,849.0
892.0,692.2352086333964,4.169775457701303,30.0,849.0
893.0,727.7912987976598,4.169775457701303,30.0,849.0
894.0,764.2434436098732,4.169775457701303,30.0,849.0
895.0,801.5915253808693,4.169775457701303,30.0,849.0
896.0,839.8354377280139,4.169775457701303,30.0,849.0
897.0,878.9750842308105,4.169775457701303,30.0,849.0
898.0,919.01037727561,4.169775457701303,30.0,849.0
899.0,959.941237058925,4.169775457701303,30.0,849.0
900.0,1001.7675907243622,4.169775457701303,30.0,849.0
901.0,1044.4893716126037,4.169775457701303,30.0,849.0
902.0,1088.10651860742,4.169775457701303,30.0,849.0
903.0,1132.618975563578,4.169775457701303,30.0,849.0
904.0,1178.026690804844,4.169775457701303,30.0,849.0
905.0,1224.3296166821965,4.169775457701303,30.0,849.0
906.0,1271.5277091839307,4.169775457701303,30.0,849.0
907.0,1319.6209275906324,4.169775457701303,30.0,849.0
908.0,1368.6092341690676,4.169775457701303,30.0,849.0
909.0,1418.4925938999272,4.169775457701303,30.0,849.0
910.0,1469.2709742351055,4.169775457701303,30.0,849.0
911.0,1520.9443448808152,4.169775457701303,30.0,849.0
912.0,1573.512677603364,4.169775457701303,30.0,849.0
913.0,1626.9759460548585,4.169775457701303,30.0,849.0
914.0,1681.334125616472,4.169775457701303,30.0,849.0
915.0,1736.587193257232,4.169775457701303,30.0,849.0
916.0,1792.7351274065502,4.169775457701303,30.0,849.0
917.0,1849.7779078389492,4.169775457701303,30.0,849.0
918.0,1907.7155155696357,4.169775457701303,30.0,849.0
919.0,1966.5479327597407,4.169775457701303,30.0,849.0
920.0,2026.2751426301888,4.169775457701303,30.0,849.0
921.0,2086.8971293832906,4.169775457701303,30.0,849.0
922.0,2148.413878131252,4.169775457701303,30.0,849.0
923.0,2210.825374830901,4.169775457701303,30.0,849.0
924.0,2274.1316062239976,4.169775457701303,30.0,849.0
925.0,2338.332559782578,4.169775457701303,30.0,849.0
926.0,2403.4282236588438,4.169775457701303,30.0,849.0
927.0,2469.418586639153,4.169775457701303,30.0,849.0
928.0,2536.3036381017273,4.169775457701303,30.0,928.0
929.0,17.260702291936177,4.169775457701303,30.0,928.0
930.0,17.762028428445447,4.169775457701303,30.0,928.0
931.0,18.414977228670327,4.169775457701303,30.0,928.0
932.0,19.043979654486087,4.169775457701303,30.0,928.0
933.0,19.6313002158021,4.169775457701303,30.0,928.0
934.0,20.284389767570445,4.169775457701303,30.0,928.0
935.0,21.210414332424136,4.169775457701303,30.0,928.0
936.0,22.68451534504515,4.169775457701303,30.0,928.0
937.0,24.994161592278363,4.169775457701303,30.0,928.0
938.0,28.366033522616647,4.169775457701303,30.0,928.0
939.0,32.91694583713474,4.169775457701303,30.0,928.0
940.0,38.662285945598306,4.169775457701303,30.0,928.0
941.0,45.56164204014545,4.169775457701303,30.0,928.0
942.0,53.559800441985026,4.169775457701303,30.0,928.0
943.0,62.607020831112564,4.169775457701303,30.0,928.0
944.0,72.66450121690625,4.169775457701303,30.0,928.0
945.0,83.70362919437419,4.169775457701303,30.0,928.0
946.0,95.70367595053168,4.169775457701303,30.0,928.0
947.0,108.64961357988726,4.169775457701303,30.0,928.0
948.0,122.53044365240419,4.169775457701303,30.0,928.0
949.0,137.3380083662303,4.169775457701303,30.0,928.0
950.0,153.06616660882426,4.169775457701303,30.0,928.0
951.0,169.71022574110938,4.169775457701303,30.0,928.0
952.0,187.2665477191921,4.169775457701303,30.0,928.0
953.0,205.7322732967234,4.169775457701303,30.0,928.0
954.0,225.1051264977291,4.169775457701303,30.0,928.0
955.0,245.38327413850715,4.169775457701303,30.0,928.0
956.0,266.5652235319904,4.169775457701303,30.0,928.0
957.0,288.6497470078875,4.169775457701303,30.0,928.0
958.0,311.63582550851663,4.169775457701303,30.0,928.0
959.0,335.5226059279374,4.169775457701303,30.0,928.0
960.0,360.30936847577175,4.169775457701303,30.0,928.0
961.0,385.99550144064733,4.169775457701303,30.0,928.0
962.0,412.58048147781506,4.169775457701303,30.0,928.0
963.0,440.0638580654014,4.169775457701303,30.0,928.0
964.0,468.44524113854567,4.169775457701303,30.0,928.0
965.0,497.7242911695328,4.169775457701303,30.0,928.0
966.0,527.9007111477463,4.169775457701303,30.0,928.0
967.0,558.974240047901,4.169775457701303,30.0,928.0
968.0,590.9446474736194,4.169775457701303,30.0,928.0
969.0,623.8117292363096,4.169775457701303,30.0,928.0
970.0,657.5753036837089,4.169775457701303,30.0,928.0
971.0,692.2352086333964,4.169775457701303,30.0,928.0
972.0,727.7912987976598,4.169775457701303,30.0,928.0
973.0,764.2434436098732,4.169775457701303,30.0,928.0
974.0,801.5915253808693,4.169775457701303,30.0,928.0
975.0,839.8354377280139,4.169775457701303,30.0,928.0
976.0,878.9750842308105,4.169775457701303,30.0,928.0
977.0,919.01037727561,4.169775457701303,30.0,928.0
978.0,959.941237058925,4.169775457701303,30.0,928.0
979.0,1001.7675907243622,4.169775457701303,30.0,928.0
980.0,1044.4893716126037,4.169775457701303,30.0,928.0
981.0,1088.10651860742,4.169775457701303,30.0,928.0
982.0,1132.618975563578,4.169775457701303,30.0,928.0
983.0,1178.026690804844,4.169775457701303,30.0,928.0
984.0,1224.3296166821965,4.169775457701303,30.0,928.0
985.0,1271.5277091839307,4.169775457701303,30.0,928.0
986.0,1319.6209275906324,4.169775457701303,30.0,928.0
987.0,1368.6092341690676,4.169775457701303,30.0,928.0
988.0,1418.4925938999272,4.169775457701303,30.0,928.0
989.0,1469.2709742351055,4.169775457701303,30.0,928.0
990.0,1520.9443448808152,4.169775457701303,30.0,928.0
991.0,1573.512677603364,4.169775457701303,30.0,928.0
992.0,1626.9759460548585,4.169775457701303,30.0,928.0
993.0,1681.334125616472,4.169775457701303,30.0,928.0
994.0,1736.587193257232,4.169775457701303,30.0,928.0
995.0,1792.7351274065502,4.169775457701303,30.0,928.0
996.0,1849.7779078389492,4.169775457701303,30.0,928.0
997.0,1907.7155155696357,4.169775457701303,30.0,928.0
998.0,1966.5479327597407,4.169775457701303,30.0,928.0
999.0,2026.2751426301888,4.169775457701303,30.0,928.0
1000.0,2086.8971293832906,4.169775457701303,30.0,928.0
